{"dates":{"2020-1-22":{"cases":1,"deaths":0,"recovered":0,"active":1},"2020-1-23":{"cases":9,"deaths":0,"recovered":0,"active":9,"growthFactor":9},"2020-1-24":{"cases":15,"deaths":0,"recovered":0,"active":15,"growthFactor":1.6666666666666667},"2020-1-25":{"cases":39,"deaths":0,"recovered":0,"active":39,"growthFactor":2.6},"2020-1-26":{"cases":60,"deaths":0,"recovered":0,"active":60,"growthFactor":1.5384615384615385},"2020-1-27":{"cases":70,"deaths":0,"recovered":0,"active":70,"growthFactor":1.1666666666666667},"2020-1-28":{"cases":106,"deaths":0,"recovered":0,"active":106,"growthFactor":1.5142857142857142},"2020-1-29":{"cases":152,"deaths":0,"recovered":2,"active":150,"growthFactor":1.4339622641509433},"2020-1-30":{"cases":200,"deaths":0,"recovered":2,"active":198,"growthFactor":1.3157894736842106},"2020-1-31":{"cases":237,"deaths":0,"recovered":3,"active":234,"growthFactor":1.185},"2020-2-1":{"cases":297,"deaths":0,"recovered":5,"active":292,"growthFactor":1.2531645569620253},"2020-2-2":{"cases":340,"deaths":0,"recovered":7,"active":333,"growthFactor":1.1447811447811447},"2020-2-3":{"cases":408,"deaths":0,"recovered":14,"active":394,"growthFactor":1.2},"2020-2-4":{"cases":480,"deaths":0,"recovered":20,"active":460,"growthFactor":1.1764705882352942},"2020-2-5":{"cases":530,"deaths":0,"recovered":23,"active":507,"growthFactor":1.1041666666666667},"2020-2-6":{"cases":591,"deaths":0,"recovered":34,"active":557,"growthFactor":1.1150943396226416},"2020-2-7":{"cases":665,"deaths":0,"recovered":47,"active":618,"growthFactor":1.125211505922166},"2020-2-8":{"cases":733,"deaths":0,"recovered":59,"active":674,"growthFactor":1.1022556390977443},"2020-2-9":{"cases":779,"deaths":1,"recovered":72,"active":706,"growthFactor":1.0627557980900408},"2020-2-10":{"cases":830,"deaths":3,"recovered":88,"active":739,"growthFactor":1.0654685494223364},"2020-2-11":{"cases":860,"deaths":4,"recovered":105,"active":751,"growthFactor":1.036144578313253},"2020-2-12":{"cases":889,"deaths":4,"recovered":127,"active":758,"growthFactor":1.033720930232558},"2020-2-13":{"cases":910,"deaths":5,"recovered":157,"active":748,"growthFactor":1.0236220472440944},"2020-2-14":{"cases":934,"deaths":6,"recovered":193,"active":735,"growthFactor":1.0263736263736263},"2020-2-15":{"cases":950,"deaths":6,"recovered":221,"active":723,"growthFactor":1.0171306209850106},"2020-2-16":{"cases":962,"deaths":6,"recovered":255,"active":701,"growthFactor":1.0126315789473683},"2020-2-17":{"cases":973,"deaths":6,"recovered":280,"active":687,"growthFactor":1.0114345114345114},"2020-2-18":{"cases":982,"deaths":6,"recovered":361,"active":615,"growthFactor":1.0092497430626928},"2020-2-19":{"cases":986,"deaths":6,"recovered":413,"active":567,"growthFactor":1.0040733197556009},"2020-2-20":{"cases":987,"deaths":6,"recovered":474,"active":507,"growthFactor":1.0010141987829615},"2020-2-21":{"cases":988,"deaths":6,"recovered":539,"active":443,"growthFactor":1.0010131712259371},"2020-2-22":{"cases":989,"deaths":6,"recovered":597,"active":386,"growthFactor":1.0010121457489878},"2020-2-23":{"cases":989,"deaths":6,"recovered":637,"active":346,"growthFactor":1},"2020-2-24":{"cases":989,"deaths":6,"recovered":663,"active":320,"growthFactor":1},"2020-2-25":{"cases":989,"deaths":6,"recovered":712,"active":271,"growthFactor":1},"2020-2-26":{"cases":989,"deaths":6,"recovered":744,"active":239,"growthFactor":1},"2020-2-27":{"cases":989,"deaths":6,"recovered":792,"active":191,"growthFactor":1},"2020-2-28":{"cases":990,"deaths":6,"recovered":821,"active":163,"growthFactor":1.0010111223458038},"2020-2-29":{"cases":990,"deaths":6,"recovered":868,"active":116,"growthFactor":1},"2020-3-1":{"cases":990,"deaths":6,"recovered":873,"active":111,"growthFactor":1},"2020-3-2":{"cases":990,"deaths":6,"recovered":917,"active":67,"growthFactor":1},"2020-3-3":{"cases":990,"deaths":6,"recovered":936,"active":48,"growthFactor":1},"2020-3-4":{"cases":990,"deaths":6,"recovered":956,"active":28,"growthFactor":1},"2020-3-5":{"cases":990,"deaths":6,"recovered":970,"active":14,"growthFactor":1},"2020-3-6":{"cases":990,"deaths":6,"recovered":979,"active":5,"growthFactor":1},"2020-3-7":{"cases":990,"deaths":6,"recovered":979,"active":5,"growthFactor":1},"2020-3-8":{"cases":990,"deaths":6,"recovered":984,"active":0,"growthFactor":1},"2020-3-9":{"cases":990,"deaths":6,"recovered":984,"active":0,"growthFactor":1},"2020-3-10":{"cases":990,"deaths":6,"recovered":984,"active":0,"growthFactor":1},"2020-3-11":{"cases":990,"deaths":6,"recovered":984,"active":0,"growthFactor":1},"2020-3-12":{"cases":990,"deaths":6,"recovered":984,"active":0,"growthFactor":1},"2020-3-13":{"cases":990,"deaths":6,"recovered":984,"active":0,"growthFactor":1},"2020-3-14":{"cases":990,"deaths":6,"recovered":984,"active":0,"growthFactor":1},"2020-3-15":{"cases":990,"deaths":6,"recovered":984,"active":0,"growthFactor":1},"2020-3-16":{"cases":990,"deaths":6,"recovered":984,"active":0,"growthFactor":1},"2020-3-17":{"cases":990,"deaths":6,"recovered":984,"active":0,"growthFactor":1},"2020-3-18":{"cases":990,"deaths":6,"recovered":984,"active":0,"growthFactor":1},"2020-3-19":{"cases":990,"deaths":6,"recovered":984,"active":0,"growthFactor":1},"2020-3-20":{"cases":990,"deaths":6,"recovered":984,"active":0,"growthFactor":1},"2020-3-21":{"cases":990,"deaths":6,"recovered":984,"active":0,"growthFactor":1},"2020-3-22":{"cases":990,"deaths":6,"recovered":984,"active":0,"growthFactor":1},"2020-3-23":{"cases":990,"deaths":6,"recovered":984,"active":0,"growthFactor":1},"2020-3-24":{"cases":990,"deaths":6,"growthFactor":1},"2020-3-25":{"cases":990,"deaths":6,"growthFactor":1},"2020-3-26":{"cases":990,"deaths":6,"growthFactor":1},"2020-3-27":{"cases":990,"deaths":6,"growthFactor":1},"2020-3-28":{"cases":990,"deaths":6,"growthFactor":1},"2020-3-29":{"cases":990,"deaths":6,"growthFactor":1},"2020-3-30":{"cases":990,"deaths":6,"growthFactor":1},"2020-3-31":{"cases":990,"deaths":6,"growthFactor":1},"2020-4-1":{"cases":0,"deaths":0,"growthFactor":0}},"maintainers":[{"name":"Larry Davis","email":"lazdnet@gmail.com","twitter":"lazdnet","github":"lazd","country":"USA","state":"CA","county":"San Francisco","city":"San Francisco","flag":"🇺🇸"}],"url":"https://github.com/CSSEGISandData/COVID-19","curators":[{"name":"JHU CSSE","url":"https://systems.jhu.edu/research/public-health/ncov/"}],"aggregate":"state","country":"CHN","coordinates":[117.2581712176775,32.02378204990168],"state":"Anhui","rating":0.5098039215686274,"tz":["Asia/Shanghai"],"featureId":29,"population":63240000}