{"dates":{"2020-2-7":{"cases":5,"deaths":0},"2020-2-8":{"cases":5,"deaths":0,"growthFactor":1},"2020-2-10":{"cases":5,"deaths":0},"2020-2-11":{"cases":5,"deaths":0,"growthFactor":1},"2020-2-12":{"cases":5,"deaths":0,"growthFactor":1},"2020-2-20":{"cases":6,"deaths":0},"2020-2-27":{"cases":2,"deaths":0},"2020-2-28":{"cases":11,"growthFactor":5.5},"2020-3-2":{"cases":37,"deaths":0,"recovered":6,"active":31},"2020-3-3":{"cases":40,"deaths":0,"recovered":6,"active":34,"growthFactor":1.0810810810810811},"2020-3-4":{"cases":49,"deaths":0,"recovered":6,"active":43,"growthFactor":1.225},"2020-3-5":{"cases":64,"deaths":0,"recovered":6,"active":58,"growthFactor":1.3061224489795917},"2020-3-6":{"cases":75,"deaths":0,"recovered":6,"active":69,"growthFactor":1.171875},"2020-3-7":{"cases":102,"deaths":0,"recovered":6,"active":96,"growthFactor":1.36},"2020-3-8":{"cases":146,"deaths":1,"recovered":8,"active":137,"growthFactor":1.4313725490196079},"2020-3-9":{"cases":182,"deaths":3,"recovered":8,"active":171,"growthFactor":1.2465753424657535},"2020-3-10":{"cases":211,"deaths":3,"recovered":8,"active":200,"growthFactor":1.1593406593406594},"2020-3-11":{"cases":264,"deaths":3,"recovered":8,"active":253,"growthFactor":1.2511848341232228},"2020-3-12":{"cases":329,"deaths":7,"recovered":8,"active":314,"growthFactor":1.246212121212121},"2020-3-13":{"cases":416,"growthFactor":1.2644376899696048},"2020-3-14":{"cases":454,"deaths":12,"recovered":8,"active":434,"growthFactor":1.0913461538461537},"2020-3-15":{"cases":523,"deaths":18,"recovered":8,"active":497,"growthFactor":1.1519823788546255},"2020-3-16":{"cases":618,"deaths":20,"growthFactor":1.181644359464627},"2020-3-17":{"cases":710,"deaths":24,"growthFactor":1.1488673139158576},"2020-3-18":{"cases":858,"deaths":7,"recovered":69,"active":782,"growthFactor":1.208450704225352},"2020-3-19":{"cases":1014,"deaths":22,"recovered":132,"active":860,"growthFactor":1.1818181818181819},"2020-3-20":{"cases":1101,"deaths":33,"recovered":179,"active":889,"growthFactor":1.0857988165680474},"2020-3-21":{"cases":1266,"deaths":38,"recovered":192,"active":1036,"growthFactor":1.1498637602179838},"2020-3-22":{"cases":1431,"deaths":47,"recovered":212,"active":1172,"growthFactor":1.1303317535545023},"2020-3-23":{"cases":1730,"deaths":70,"recovered":254,"active":1406,"growthFactor":1.2089447938504543},"2020-3-24":{"cases":1857,"deaths":86,"recovered":314,"active":1457,"growthFactor":1.0734104046242774},"2020-3-25":{"cases":2093,"deaths":107,"recovered":404,"active":1582,"growthFactor":1.1270866989768444},"2020-3-26":{"deaths":134,"recovered":496,"growthFactor":null},"2020-3-27":{"deaths":165,"recovered":606,"growthFactor":null},"2020-3-28":{"deaths":195,"recovered":700,"growthFactor":null},"2020-3-29":{"deaths":227,"recovered":755,"growthFactor":null},"2020-3-30":{"deaths":264,"recovered":842,"growthFactor":null}},"country":"FRA","url":"https://raw.githubusercontent.com/opencovid19-fr/data/master/dist/chiffres-cles.csv","state":"Auvergne-Rhône-Alpes","population":8037059,"rating":0.47058823529411764}