{"dates":{"2020-2-27":{"cases":6,"deaths":0,"recovered":0,"active":6},"2020-2-28":{"cases":6,"deaths":0,"recovered":0,"active":6,"growthFactor":1},"2020-2-29":{"cases":6,"deaths":0,"recovered":0,"active":6,"growthFactor":1},"2020-3-1":{"cases":7,"deaths":0,"recovered":0,"active":7,"growthFactor":1.1666666666666667},"2020-3-2":{"cases":7,"deaths":0,"recovered":0,"active":7,"growthFactor":1},"2020-3-3":{"cases":7,"deaths":0,"recovered":0,"active":7,"growthFactor":1},"2020-3-4":{"cases":7,"deaths":0,"recovered":0,"active":7,"growthFactor":1},"2020-3-5":{"cases":8,"deaths":0,"recovered":0,"active":8,"growthFactor":1.1428571428571428},"2020-3-6":{"cases":11,"deaths":0,"recovered":0,"active":11,"growthFactor":1.375},"2020-3-7":{"cases":18,"deaths":0,"recovered":0,"active":18,"growthFactor":1.6363636363636365},"2020-3-8":{"cases":17,"deaths":0,"recovered":0,"active":17,"growthFactor":0.9444444444444444},"2020-3-9":{"cases":22,"deaths":0,"recovered":0,"active":22,"growthFactor":1.2941176470588236},"2020-3-10":{"cases":25,"deaths":0,"recovered":0,"active":25,"growthFactor":1.1363636363636365},"2020-3-11":{"cases":37,"deaths":0,"recovered":0,"active":37,"growthFactor":1.48},"2020-3-12":{"cases":51,"deaths":0,"recovered":0,"active":51,"growthFactor":1.3783783783783783},"2020-3-13":{"cases":70,"deaths":0,"recovered":0,"active":70,"growthFactor":1.3725490196078431},"2020-3-14":{"cases":90,"deaths":1,"recovered":0,"active":89,"growthFactor":1.2857142857142858},"2020-3-15":{"cases":109,"deaths":1,"recovered":0,"active":108,"growthFactor":1.211111111111111},"2020-3-16":{"cases":119,"deaths":1,"recovered":7,"active":111,"growthFactor":1.091743119266055},"2020-3-17":{"cases":148,"deaths":2,"recovered":8,"active":138,"growthFactor":1.2436974789915967},"2020-3-18":{"cases":181,"deaths":3,"recovered":8,"active":170,"growthFactor":1.222972972972973},"2020-3-19":{"cases":220,"deaths":3,"recovered":9,"active":208,"growthFactor":1.2154696132596685},"2020-3-20":{"cases":287,"deaths":4,"recovered":6,"active":277,"growthFactor":1.3045454545454545},"2020-3-21":{"cases":348,"deaths":7,"recovered":7,"active":334,"growthFactor":1.2125435540069687},"2020-3-22":{"cases":414,"deaths":9,"recovered":7,"active":398,"growthFactor":1.1896551724137931},"2020-3-23":{"cases":481,"deaths":11,"recovered":7,"active":463,"growthFactor":1.1618357487922706},"2020-3-24":{"cases":557,"deaths":16,"recovered":8,"active":533,"growthFactor":1.158004158004158},"2020-3-25":{"cases":657,"deaths":21,"recovered":15,"active":621,"growthFactor":1.1795332136445242},"2020-3-26":{"cases":784,"deaths":24,"recovered":18,"active":742,"growthFactor":1.1933028919330289}},"country":"ESP","url":"https://github.com/datadista/datasets/tree/master/COVID%2019","aggregate":"state","sources":[{"name":"cases","url":"https://raw.githubusercontent.com/datadista/datasets/master/COVID%2019/ccaa_covid19_casos.csv","description":"Cases by date and community"},{"name":"recovered","url":"https://raw.githubusercontent.com/datadista/datasets/master/COVID%2019/ccaa_covid19_altas.csv","description":"Recoveries by date and community"},{"name":"deaths","url":"https://raw.githubusercontent.com/datadista/datasets/master/COVID%2019/ccaa_covid19_fallecidos.csv","description":"Deaths by date and community"}],"curators":[{"name":"Antonio Delgado","url":"https://datadista.com/","twitter":"@adelgado","github":"adelgadob"}],"maintainers":[{"name":"Herb Caudill","url":"https://devresults.com","twitter":"@herbcaudill","github":"herbcaudill"}],"state":"Canarias","rating":0.5882352941176471,"coordinates":[-15.747513999999999,28.527948],"tz":["Etc/GMT+1"],"featureId":257,"population":2220270}