{"dates":{"2020-2-27":{"cases":2,"deaths":0,"recovered":0,"active":2},"2020-2-28":{"cases":3,"deaths":0,"recovered":0,"active":3,"growthFactor":1.5},"2020-2-29":{"cases":5,"deaths":0,"recovered":0,"active":5,"growthFactor":1.6666666666666667},"2020-3-1":{"cases":6,"deaths":0,"recovered":0,"active":6,"growthFactor":1.2},"2020-3-2":{"cases":15,"deaths":0,"recovered":0,"active":15,"growthFactor":2.5},"2020-3-3":{"cases":15,"deaths":0,"recovered":0,"active":15,"growthFactor":1},"2020-3-4":{"cases":15,"deaths":0,"recovered":0,"active":15,"growthFactor":1},"2020-3-5":{"cases":24,"deaths":0,"recovered":0,"active":24,"growthFactor":1.6},"2020-3-6":{"cases":24,"deaths":0,"recovered":0,"active":24,"growthFactor":1},"2020-3-7":{"cases":24,"deaths":1,"recovered":0,"active":23,"growthFactor":1},"2020-3-8":{"cases":49,"deaths":1,"recovered":0,"active":48,"growthFactor":2.0416666666666665},"2020-3-9":{"cases":75,"deaths":1,"recovered":0,"active":74,"growthFactor":1.530612244897959},"2020-3-10":{"cases":124,"deaths":3,"recovered":0,"active":121,"growthFactor":1.6533333333333333},"2020-3-11":{"cases":156,"deaths":3,"recovered":0,"active":153,"growthFactor":1.2580645161290323},"2020-3-12":{"cases":260,"deaths":4,"recovered":0,"active":256,"growthFactor":1.6666666666666667},"2020-3-13":{"cases":316,"deaths":4,"recovered":0,"active":312,"growthFactor":1.2153846153846153},"2020-3-14":{"cases":509,"deaths":6,"recovered":0,"active":503,"growthFactor":1.610759493670886},"2020-3-15":{"cases":715,"deaths":8,"recovered":0,"active":707,"growthFactor":1.4047151277013752},"2020-3-16":{"cases":903,"deaths":12,"recovered":0,"active":891,"growthFactor":1.2629370629370629},"2020-3-17":{"cases":1394,"deaths":18,"recovered":0,"active":1376,"growthFactor":1.5437430786267996},"2020-3-18":{"cases":1866,"deaths":41,"recovered":0,"active":1825,"growthFactor":1.338593974175036},"2020-3-19":{"cases":2702,"deaths":55,"recovered":0,"active":2647,"growthFactor":1.4480171489817792},"2020-3-20":{"cases":3270,"deaths":82,"recovered":150,"active":3038,"growthFactor":1.2102146558105107},"2020-3-21":{"cases":4203,"deaths":122,"recovered":150,"active":3931,"growthFactor":1.2853211009174312},"2020-3-22":{"cases":4704,"deaths":191,"recovered":150,"active":4363,"growthFactor":1.1192005710206996},"2020-3-23":{"cases":5925,"deaths":245,"recovered":644,"active":5036,"growthFactor":1.2595663265306123},"2020-3-24":{"cases":7864,"deaths":282,"recovered":728,"active":6854,"growthFactor":1.3272573839662447},"2020-3-25":{"cases":9937,"deaths":516,"recovered":1274,"active":8147,"growthFactor":1.2636063072227874},"2020-3-26":{"cases":11592,"deaths":672,"recovered":1697,"active":9223,"growthFactor":1.1665492603401428},"2020-3-27":{"cases":12940,"deaths":880,"recovered":2348,"active":9712,"growthFactor":1.1162870945479642},"2020-3-28":{"cases":14263,"deaths":1070,"recovered":3106,"active":10087,"growthFactor":1.1022411128284388},"2020-3-29":{"cases":15026,"deaths":1226,"recovered":3455,"active":10345,"growthFactor":1.053495057140854},"2020-3-30":{"cases":16157,"deaths":1410,"recovered":4125,"active":10622,"growthFactor":1.0752695328097963}},"country":"ESP","url":"https://github.com/datadista/datasets/tree/master/COVID%2019","aggregate":"state","sources":[{"name":"cases","url":"https://raw.githubusercontent.com/datadista/datasets/master/COVID%2019/ccaa_covid19_casos.csv","description":"Cases by date and community"},{"name":"recovered","url":"https://raw.githubusercontent.com/datadista/datasets/master/COVID%2019/ccaa_covid19_altas.csv","description":"Recoveries by date and community"},{"name":"deaths","url":"https://raw.githubusercontent.com/datadista/datasets/master/COVID%2019/ccaa_covid19_fallecidos.csv","description":"Deaths by date and community"}],"curators":[{"name":"Antonio Delgado","url":"https://datadista.com/","twitter":"@adelgado","github":"adelgadob"}],"maintainers":[{"name":"Herb Caudill","url":"https://devresults.com","twitter":"@herbcaudill","github":"herbcaudill"}],"state":"Cataluña","rating":0.5882352941176471,"coordinates":[1.745979,41.690684],"tz":["Europe/Madrid"],"featureId":285,"population":7609499}