{"dates":{"2020-1-22":{"cases":1,"deaths":0,"recovered":0,"active":1},"2020-1-23":{"cases":5,"deaths":0,"recovered":0,"active":5,"growthFactor":5},"2020-1-24":{"cases":10,"deaths":0,"recovered":0,"active":10,"growthFactor":2},"2020-1-25":{"cases":18,"deaths":0,"recovered":0,"active":18,"growthFactor":1.8},"2020-1-26":{"cases":35,"deaths":0,"recovered":0,"active":35,"growthFactor":1.9444444444444444},"2020-1-27":{"cases":59,"deaths":0,"recovered":0,"active":59,"growthFactor":1.6857142857142857},"2020-1-28":{"cases":80,"deaths":0,"recovered":0,"active":80,"growthFactor":1.3559322033898304},"2020-1-29":{"cases":84,"deaths":0,"recovered":0,"active":84,"growthFactor":1.05},"2020-1-30":{"cases":101,"deaths":0,"recovered":0,"active":101,"growthFactor":1.2023809523809523},"2020-1-31":{"cases":120,"deaths":0,"recovered":0,"active":120,"growthFactor":1.188118811881188},"2020-2-1":{"cases":144,"deaths":0,"recovered":0,"active":144,"growthFactor":1.2},"2020-2-2":{"cases":159,"deaths":0,"recovered":0,"active":159,"growthFactor":1.1041666666666667},"2020-2-3":{"cases":179,"deaths":0,"recovered":1,"active":178,"growthFactor":1.1257861635220126},"2020-2-4":{"cases":194,"deaths":0,"recovered":3,"active":191,"growthFactor":1.0837988826815643},"2020-2-5":{"cases":205,"deaths":0,"recovered":11,"active":194,"growthFactor":1.056701030927835},"2020-2-6":{"cases":215,"deaths":0,"recovered":14,"active":201,"growthFactor":1.048780487804878},"2020-2-7":{"cases":224,"deaths":0,"recovered":20,"active":204,"growthFactor":1.041860465116279},"2020-2-8":{"cases":239,"deaths":0,"recovered":24,"active":215,"growthFactor":1.0669642857142858},"2020-2-9":{"cases":250,"deaths":0,"recovered":35,"active":215,"growthFactor":1.0460251046025104},"2020-2-10":{"cases":261,"deaths":0,"recovered":39,"active":222,"growthFactor":1.044},"2020-2-11":{"cases":267,"deaths":0,"recovered":45,"active":222,"growthFactor":1.0229885057471264},"2020-2-12":{"cases":272,"deaths":0,"recovered":53,"active":219,"growthFactor":1.0187265917602997},"2020-2-13":{"cases":279,"deaths":0,"recovered":57,"active":222,"growthFactor":1.025735294117647},"2020-2-14":{"cases":281,"deaths":0,"recovered":63,"active":218,"growthFactor":1.007168458781362},"2020-2-15":{"cases":285,"deaths":0,"recovered":71,"active":214,"growthFactor":1.0142348754448398},"2020-2-16":{"cases":287,"deaths":0,"recovered":82,"active":205,"growthFactor":1.0070175438596491},"2020-2-17":{"cases":290,"deaths":0,"recovered":90,"active":200,"growthFactor":1.0104529616724738},"2020-2-18":{"cases":292,"deaths":0,"recovered":93,"active":199,"growthFactor":1.006896551724138},"2020-2-19":{"cases":293,"deaths":0,"recovered":112,"active":181,"growthFactor":1.0034246575342465},"2020-2-20":{"cases":293,"deaths":1,"recovered":126,"active":166,"growthFactor":1},"2020-2-21":{"cases":293,"deaths":1,"recovered":149,"active":143,"growthFactor":1},"2020-2-22":{"cases":293,"deaths":1,"recovered":162,"active":130,"growthFactor":1},"2020-2-23":{"cases":293,"deaths":1,"recovered":170,"active":122,"growthFactor":1},"2020-2-24":{"cases":293,"deaths":1,"recovered":183,"active":109,"growthFactor":1},"2020-2-25":{"cases":294,"deaths":1,"recovered":199,"active":94,"growthFactor":1.0034129692832765},"2020-2-26":{"cases":294,"deaths":1,"recovered":218,"active":75,"growthFactor":1},"2020-2-27":{"cases":296,"deaths":1,"recovered":228,"active":67,"growthFactor":1.0068027210884354},"2020-2-28":{"cases":296,"deaths":1,"recovered":235,"active":60,"growthFactor":1},"2020-2-29":{"cases":296,"deaths":1,"recovered":243,"active":52,"growthFactor":1},"2020-3-1":{"cases":296,"deaths":1,"recovered":247,"active":48,"growthFactor":1},"2020-3-2":{"cases":296,"deaths":1,"recovered":255,"active":40,"growthFactor":1},"2020-3-3":{"cases":296,"deaths":1,"recovered":260,"active":35,"growthFactor":1},"2020-3-4":{"cases":296,"deaths":1,"recovered":270,"active":25,"growthFactor":1},"2020-3-5":{"cases":296,"deaths":1,"recovered":277,"active":18,"growthFactor":1},"2020-3-6":{"cases":296,"deaths":1,"recovered":284,"active":11,"growthFactor":1},"2020-3-7":{"cases":296,"deaths":1,"recovered":295,"active":0,"growthFactor":1},"2020-3-8":{"cases":296,"deaths":1,"recovered":295,"active":0,"growthFactor":1},"2020-3-9":{"cases":296,"deaths":1,"recovered":295,"active":0,"growthFactor":1},"2020-3-10":{"cases":296,"deaths":1,"recovered":295,"active":0,"growthFactor":1},"2020-3-11":{"cases":296,"deaths":1,"recovered":295,"active":0,"growthFactor":1},"2020-3-12":{"cases":296,"deaths":1,"recovered":295,"active":0,"growthFactor":1},"2020-3-13":{"cases":296,"deaths":1,"recovered":295,"active":0,"growthFactor":1},"2020-3-14":{"cases":296,"deaths":1,"recovered":295,"active":0,"growthFactor":1},"2020-3-15":{"cases":296,"deaths":1,"recovered":295,"active":0,"growthFactor":1},"2020-3-16":{"cases":296,"deaths":1,"recovered":295,"active":0,"growthFactor":1},"2020-3-17":{"cases":296,"deaths":1,"recovered":295,"active":0,"growthFactor":1},"2020-3-18":{"cases":296,"deaths":1,"recovered":295,"active":0,"growthFactor":1},"2020-3-19":{"cases":296,"deaths":1,"recovered":295,"active":0,"growthFactor":1},"2020-3-20":{"cases":299,"deaths":1,"recovered":295,"active":3,"growthFactor":1.010135135135135},"2020-3-21":{"cases":303,"deaths":1,"recovered":295,"active":7,"growthFactor":1.0133779264214047},"2020-3-22":{"cases":307,"deaths":1,"recovered":295,"active":11,"growthFactor":1.0132013201320131},"2020-3-23":{"cases":313,"deaths":1,"recovered":295,"active":17,"growthFactor":1.019543973941368},"2020-3-24":{"cases":318,"deaths":1,"growthFactor":1.0159744408945688},"2020-3-25":{"cases":322,"deaths":1,"growthFactor":1.0125786163522013},"2020-3-26":{"cases":328,"deaths":1,"growthFactor":1.0186335403726707},"2020-3-27":{"cases":331,"deaths":1,"growthFactor":1.0091463414634145},"2020-3-28":{"cases":337,"deaths":1,"growthFactor":1.0181268882175227}},"maintainers":[{"name":"Larry Davis","email":"lazdnet@gmail.com","twitter":"lazdnet","github":"lazd","country":"USA","state":"CA","county":"San Francisco","city":"San Francisco","flag":"🇺🇸"}],"url":"https://github.com/CSSEGISandData/COVID-19","curators":[{"name":"JHU CSSE","url":"https://systems.jhu.edu/research/public-health/ncov/"}],"aggregate":"state","country":"CHN","coordinates":[118.13227705193037,25.971159641604146],"state":"Fujian","rating":0.5098039215686274,"tz":["Asia/Shanghai"],"featureId":33,"population":39410000}