{"dates":{"2020-1-22":{"cases":26,"deaths":0,"recovered":0,"active":26},"2020-1-23":{"cases":32,"deaths":0,"recovered":2,"active":30,"growthFactor":1.2307692307692308},"2020-1-24":{"cases":53,"deaths":0,"recovered":2,"active":51,"growthFactor":1.65625},"2020-1-25":{"cases":78,"deaths":0,"recovered":2,"active":76,"growthFactor":1.471698113207547},"2020-1-26":{"cases":111,"deaths":0,"recovered":2,"active":109,"growthFactor":1.4230769230769231},"2020-1-27":{"cases":151,"deaths":0,"recovered":4,"active":147,"growthFactor":1.3603603603603605},"2020-1-28":{"cases":207,"deaths":0,"recovered":4,"active":203,"growthFactor":1.3708609271523178},"2020-1-29":{"cases":277,"deaths":0,"recovered":5,"active":272,"growthFactor":1.3381642512077294},"2020-1-30":{"cases":354,"deaths":0,"recovered":10,"active":344,"growthFactor":1.2779783393501805},"2020-1-31":{"cases":436,"deaths":0,"recovered":11,"active":425,"growthFactor":1.231638418079096},"2020-2-1":{"cases":535,"deaths":0,"recovered":14,"active":521,"growthFactor":1.2270642201834863},"2020-2-2":{"cases":632,"deaths":0,"recovered":15,"active":617,"growthFactor":1.1813084112149532},"2020-2-3":{"cases":725,"deaths":0,"recovered":21,"active":704,"growthFactor":1.1471518987341771},"2020-2-4":{"cases":813,"deaths":0,"recovered":30,"active":783,"growthFactor":1.1213793103448275},"2020-2-5":{"cases":895,"deaths":0,"recovered":49,"active":846,"growthFactor":1.100861008610086},"2020-2-6":{"cases":970,"deaths":0,"recovered":69,"active":901,"growthFactor":1.0837988826815643},"2020-2-7":{"cases":1034,"deaths":1,"recovered":88,"active":945,"growthFactor":1.065979381443299},"2020-2-8":{"cases":1095,"deaths":1,"recovered":112,"active":982,"growthFactor":1.0589941972920696},"2020-2-9":{"cases":1131,"deaths":1,"recovered":141,"active":989,"growthFactor":1.0328767123287672},"2020-2-10":{"cases":1159,"deaths":1,"recovered":167,"active":991,"growthFactor":1.0247568523430592},"2020-2-11":{"cases":1177,"deaths":1,"recovered":212,"active":964,"growthFactor":1.0155306298533218},"2020-2-12":{"cases":1219,"deaths":1,"recovered":275,"active":943,"growthFactor":1.0356839422259982},"2020-2-13":{"cases":1241,"deaths":2,"recovered":314,"active":925,"growthFactor":1.018047579983593},"2020-2-14":{"cases":1261,"deaths":2,"recovered":362,"active":897,"growthFactor":1.016116035455278},"2020-2-15":{"cases":1294,"deaths":2,"recovered":410,"active":882,"growthFactor":1.0261697065820776},"2020-2-16":{"cases":1316,"deaths":2,"recovered":465,"active":849,"growthFactor":1.017001545595054},"2020-2-17":{"cases":1322,"deaths":4,"recovered":524,"active":794,"growthFactor":1.0045592705167172},"2020-2-18":{"cases":1328,"deaths":4,"recovered":565,"active":759,"growthFactor":1.0045385779122542},"2020-2-19":{"cases":1331,"deaths":5,"recovered":606,"active":720,"growthFactor":1.0022590361445782},"2020-2-20":{"cases":1332,"deaths":5,"recovered":642,"active":685,"growthFactor":1.0007513148009015},"2020-2-21":{"cases":1333,"deaths":5,"recovered":690,"active":638,"growthFactor":1.0007507507507507},"2020-2-22":{"cases":1339,"deaths":5,"recovered":728,"active":606,"growthFactor":1.0045011252813203},"2020-2-23":{"cases":1342,"deaths":6,"recovered":755,"active":581,"growthFactor":1.0022404779686334},"2020-2-24":{"cases":1345,"deaths":6,"recovered":786,"active":553,"growthFactor":1.0022354694485842},"2020-2-25":{"cases":1347,"deaths":7,"recovered":822,"active":518,"growthFactor":1.0014869888475837},"2020-2-26":{"cases":1347,"deaths":7,"recovered":851,"active":489,"growthFactor":1},"2020-2-27":{"cases":1347,"deaths":7,"recovered":890,"active":450,"growthFactor":1},"2020-2-28":{"cases":1348,"deaths":7,"recovered":935,"active":406,"growthFactor":1.0007423904974015},"2020-2-29":{"cases":1349,"deaths":7,"recovered":983,"active":359,"growthFactor":1.0007418397626113},"2020-3-1":{"cases":1349,"deaths":7,"recovered":1016,"active":326,"growthFactor":1},"2020-3-2":{"cases":1350,"deaths":7,"recovered":1059,"active":284,"growthFactor":1.000741289844329},"2020-3-3":{"cases":1350,"deaths":7,"recovered":1101,"active":242,"growthFactor":1},"2020-3-4":{"cases":1350,"deaths":7,"recovered":1133,"active":210,"growthFactor":1},"2020-3-5":{"cases":1351,"deaths":7,"recovered":1181,"active":163,"growthFactor":1.0007407407407407},"2020-3-6":{"cases":1352,"deaths":7,"recovered":1216,"active":129,"growthFactor":1.000740192450037},"2020-3-7":{"cases":1352,"deaths":7,"recovered":1237,"active":108,"growthFactor":1},"2020-3-8":{"cases":1352,"deaths":7,"recovered":1256,"active":89,"growthFactor":1},"2020-3-9":{"cases":1352,"deaths":8,"recovered":1260,"active":84,"growthFactor":1},"2020-3-10":{"cases":1353,"deaths":8,"recovered":1274,"active":71,"growthFactor":1.0007396449704142},"2020-3-11":{"cases":1356,"deaths":8,"recovered":1282,"active":66,"growthFactor":1.0022172949002217},"2020-3-12":{"cases":1356,"deaths":8,"recovered":1289,"active":59,"growthFactor":1},"2020-3-13":{"cases":1356,"deaths":8,"recovered":1296,"active":52,"growthFactor":1},"2020-3-14":{"cases":1356,"deaths":8,"recovered":1299,"active":49,"growthFactor":1},"2020-3-15":{"cases":1360,"deaths":8,"recovered":1304,"active":48,"growthFactor":1.0029498525073746},"2020-3-16":{"cases":1361,"deaths":8,"recovered":1306,"active":47,"growthFactor":1.000735294117647},"2020-3-17":{"cases":1364,"deaths":8,"recovered":1307,"active":49,"growthFactor":1.0022042615723732},"2020-3-18":{"cases":1370,"deaths":8,"recovered":1313,"active":49,"growthFactor":1.0043988269794721},"2020-3-19":{"cases":1378,"deaths":8,"recovered":1318,"active":52,"growthFactor":1.005839416058394},"2020-3-20":{"cases":1395,"deaths":8,"recovered":1323,"active":64,"growthFactor":1.0123367198838897},"2020-3-21":{"cases":1400,"deaths":8,"recovered":1325,"active":67,"growthFactor":1.003584229390681},"2020-3-22":{"cases":1407,"deaths":8,"recovered":1329,"active":70,"growthFactor":1.005},"2020-3-23":{"cases":1413,"deaths":8,"recovered":1332,"active":73,"growthFactor":1.004264392324094},"2020-3-24":{"cases":1428,"deaths":8,"growthFactor":1.010615711252654},"2020-3-25":{"cases":1433,"deaths":8,"growthFactor":1.003501400560224},"2020-3-26":{"cases":1448,"deaths":8,"growthFactor":1.0104675505931613},"2020-3-27":{"cases":1456,"deaths":8,"growthFactor":1.0055248618784531},"2020-3-28":{"cases":1467,"deaths":8,"growthFactor":1.007554945054945},"2020-3-29":{"cases":1475,"deaths":8,"growthFactor":1.005453306066803}},"maintainers":[{"name":"Larry Davis","email":"lazdnet@gmail.com","twitter":"lazdnet","github":"lazd","country":"USA","state":"CA","county":"San Francisco","city":"San Francisco","flag":"🇺🇸"}],"url":"https://github.com/CSSEGISandData/COVID-19","curators":[{"name":"JHU CSSE","url":"https://systems.jhu.edu/research/public-health/ncov/"}],"aggregate":"state","country":"CHN","coordinates":[113.41792352680932,22.876783758944043],"state":"Guangdong","rating":0.5098039215686274,"tz":["Asia/Shanghai"],"featureId":35,"population":113460000}