{"dates":{"2020-1-22":{"cases":0,"deaths":0,"recovered":0,"active":0},"2020-1-23":{"cases":2,"deaths":0,"recovered":0,"active":2,"growthFactor":null},"2020-1-24":{"cases":4,"deaths":1,"recovered":0,"active":3,"growthFactor":2},"2020-1-25":{"cases":9,"deaths":1,"recovered":0,"active":8,"growthFactor":2.25},"2020-1-26":{"cases":15,"deaths":1,"recovered":0,"active":14,"growthFactor":1.6666666666666667},"2020-1-27":{"cases":21,"deaths":1,"recovered":0,"active":20,"growthFactor":1.4},"2020-1-28":{"cases":33,"deaths":1,"recovered":0,"active":32,"growthFactor":1.5714285714285714},"2020-1-29":{"cases":38,"deaths":1,"recovered":0,"active":37,"growthFactor":1.1515151515151516},"2020-1-30":{"cases":44,"deaths":2,"recovered":0,"active":42,"growthFactor":1.1578947368421053},"2020-1-31":{"cases":59,"deaths":2,"recovered":0,"active":57,"growthFactor":1.3409090909090908},"2020-2-1":{"cases":80,"deaths":2,"recovered":2,"active":76,"growthFactor":1.3559322033898304},"2020-2-2":{"cases":95,"deaths":2,"recovered":2,"active":91,"growthFactor":1.1875},"2020-2-3":{"cases":121,"deaths":2,"recovered":2,"active":117,"growthFactor":1.2736842105263158},"2020-2-4":{"cases":155,"deaths":2,"recovered":4,"active":149,"growthFactor":1.28099173553719},"2020-2-5":{"cases":190,"deaths":2,"recovered":7,"active":181,"growthFactor":1.2258064516129032},"2020-2-6":{"cases":227,"deaths":3,"recovered":8,"active":216,"growthFactor":1.194736842105263},"2020-2-7":{"cases":277,"deaths":3,"recovered":12,"active":262,"growthFactor":1.2202643171806167},"2020-2-8":{"cases":295,"deaths":5,"recovered":13,"active":277,"growthFactor":1.0649819494584838},"2020-2-9":{"cases":307,"deaths":6,"recovered":14,"active":287,"growthFactor":1.040677966101695},"2020-2-10":{"cases":331,"deaths":7,"recovered":30,"active":294,"growthFactor":1.0781758957654723},"2020-2-11":{"cases":360,"deaths":8,"recovered":28,"active":324,"growthFactor":1.0876132930513596},"2020-2-12":{"cases":378,"deaths":8,"recovered":31,"active":339,"growthFactor":1.05},"2020-2-13":{"cases":395,"deaths":9,"recovered":33,"active":353,"growthFactor":1.0449735449735449},"2020-2-14":{"cases":419,"deaths":11,"recovered":47,"active":361,"growthFactor":1.0607594936708862},"2020-2-15":{"cases":425,"deaths":11,"recovered":68,"active":346,"growthFactor":1.0143198090692125},"2020-2-16":{"cases":445,"deaths":11,"recovered":79,"active":355,"growthFactor":1.0470588235294118},"2020-2-17":{"cases":457,"deaths":11,"recovered":85,"active":361,"growthFactor":1.0269662921348315},"2020-2-18":{"cases":464,"deaths":11,"recovered":111,"active":342,"growthFactor":1.0153172866520788},"2020-2-19":{"cases":470,"deaths":12,"recovered":120,"active":338,"growthFactor":1.0129310344827587},"2020-2-20":{"cases":476,"deaths":12,"recovered":136,"active":328,"growthFactor":1.0127659574468084},"2020-2-21":{"cases":479,"deaths":12,"recovered":175,"active":292,"growthFactor":1.0063025210084033},"2020-2-22":{"cases":479,"deaths":12,"recovered":204,"active":263,"growthFactor":1},"2020-2-23":{"cases":480,"deaths":12,"recovered":222,"active":246,"growthFactor":1.0020876826722338},"2020-2-24":{"cases":480,"deaths":12,"recovered":227,"active":241,"growthFactor":1},"2020-2-25":{"cases":480,"deaths":12,"recovered":243,"active":225,"growthFactor":1},"2020-2-26":{"cases":480,"deaths":12,"recovered":249,"active":219,"growthFactor":1},"2020-2-27":{"cases":480,"deaths":13,"recovered":270,"active":197,"growthFactor":1},"2020-2-28":{"cases":480,"deaths":13,"recovered":283,"active":184,"growthFactor":1},"2020-2-29":{"cases":480,"deaths":13,"recovered":301,"active":166,"growthFactor":1},"2020-3-1":{"cases":480,"deaths":13,"recovered":342,"active":125,"growthFactor":1},"2020-3-2":{"cases":480,"deaths":13,"recovered":356,"active":111,"growthFactor":1},"2020-3-3":{"cases":480,"deaths":13,"recovered":366,"active":101,"growthFactor":1},"2020-3-4":{"cases":480,"deaths":13,"recovered":373,"active":94,"growthFactor":1},"2020-3-5":{"cases":481,"deaths":13,"recovered":379,"active":89,"growthFactor":1.0020833333333334},"2020-3-6":{"cases":481,"deaths":13,"recovered":396,"active":72,"growthFactor":1},"2020-3-7":{"cases":481,"deaths":13,"recovered":403,"active":65,"growthFactor":1},"2020-3-8":{"cases":481,"deaths":13,"recovered":412,"active":56,"growthFactor":1},"2020-3-9":{"cases":481,"deaths":13,"recovered":430,"active":38,"growthFactor":1},"2020-3-10":{"cases":481,"deaths":13,"recovered":434,"active":34,"growthFactor":1},"2020-3-11":{"cases":482,"deaths":13,"recovered":436,"active":33,"growthFactor":1.002079002079002},"2020-3-12":{"cases":482,"deaths":13,"recovered":441,"active":28,"growthFactor":1},"2020-3-13":{"cases":482,"deaths":13,"recovered":446,"active":23,"growthFactor":1},"2020-3-14":{"cases":482,"deaths":13,"recovered":447,"active":22,"growthFactor":1},"2020-3-15":{"cases":482,"deaths":13,"recovered":453,"active":16,"growthFactor":1},"2020-3-16":{"cases":482,"deaths":13,"recovered":455,"active":14,"growthFactor":1},"2020-3-17":{"cases":482,"deaths":13,"recovered":456,"active":13,"growthFactor":1},"2020-3-18":{"cases":482,"deaths":13,"recovered":459,"active":10,"growthFactor":1},"2020-3-19":{"cases":483,"deaths":13,"recovered":460,"active":10,"growthFactor":1.0020746887966805},"2020-3-20":{"cases":484,"deaths":13,"recovered":463,"active":8,"growthFactor":1.0020703933747412},"2020-3-21":{"cases":484,"deaths":13,"recovered":463,"active":8,"growthFactor":1},"2020-3-22":{"cases":484,"deaths":13,"recovered":466,"active":5,"growthFactor":1},"2020-3-23":{"cases":484,"deaths":13,"recovered":465,"active":6,"growthFactor":1},"2020-3-24":{"cases":484,"deaths":13,"growthFactor":1},"2020-3-25":{"cases":484,"deaths":13,"growthFactor":1},"2020-3-26":{"cases":484,"deaths":13,"growthFactor":1},"2020-3-27":{"cases":484,"deaths":13,"growthFactor":1}},"maintainers":[{"name":"Larry Davis","email":"lazdnet@gmail.com","twitter":"lazdnet","github":"lazd","country":"USA","state":"CA","county":"San Francisco","city":"San Francisco","flag":"🇺🇸"}],"url":"https://github.com/CSSEGISandData/COVID-19","curators":[{"name":"JHU CSSE","url":"https://systems.jhu.edu/research/public-health/ncov/"}],"aggregate":"state","country":"CHN","coordinates":[127.97325321185173,48.501949771374576],"state":"Heilongjiang","rating":0.5098039215686274,"tz":["Asia/Shanghai"],"featureId":41,"population":37730000}