{"dates":{"2020-1-22":{"cases":5,"deaths":0,"recovered":0,"active":5},"2020-1-23":{"cases":5,"deaths":0,"recovered":0,"active":5,"growthFactor":1},"2020-1-24":{"cases":9,"deaths":0,"recovered":0,"active":9,"growthFactor":1.8},"2020-1-25":{"cases":32,"deaths":0,"recovered":0,"active":32,"growthFactor":3.5555555555555554},"2020-1-26":{"cases":83,"deaths":1,"recovered":0,"active":82,"growthFactor":2.59375},"2020-1-27":{"cases":128,"deaths":1,"recovered":0,"active":127,"growthFactor":1.5421686746987953},"2020-1-28":{"cases":168,"deaths":1,"recovered":0,"active":167,"growthFactor":1.3125},"2020-1-29":{"cases":206,"deaths":2,"recovered":1,"active":203,"growthFactor":1.2261904761904763},"2020-1-30":{"cases":278,"deaths":2,"recovered":2,"active":274,"growthFactor":1.3495145631067962},"2020-1-31":{"cases":352,"deaths":2,"recovered":3,"active":347,"growthFactor":1.2661870503597121},"2020-2-1":{"cases":422,"deaths":2,"recovered":3,"active":417,"growthFactor":1.1988636363636365},"2020-2-2":{"cases":493,"deaths":2,"recovered":10,"active":481,"growthFactor":1.1682464454976302},"2020-2-3":{"cases":566,"deaths":2,"recovered":16,"active":548,"growthFactor":1.1480730223123732},"2020-2-4":{"cases":675,"deaths":2,"recovered":27,"active":646,"growthFactor":1.1925795053003534},"2020-2-5":{"cases":764,"deaths":2,"recovered":47,"active":715,"growthFactor":1.1318518518518519},"2020-2-6":{"cases":851,"deaths":2,"recovered":56,"active":793,"growthFactor":1.1138743455497382},"2020-2-7":{"cases":914,"deaths":3,"recovered":86,"active":825,"growthFactor":1.0740305522914217},"2020-2-8":{"cases":981,"deaths":4,"recovered":116,"active":861,"growthFactor":1.0733041575492341},"2020-2-9":{"cases":1033,"deaths":6,"recovered":153,"active":874,"growthFactor":1.053007135575943},"2020-2-10":{"cases":1073,"deaths":6,"recovered":191,"active":876,"growthFactor":1.0387221684414327},"2020-2-11":{"cases":1105,"deaths":7,"recovered":218,"active":880,"growthFactor":1.0298229263746506},"2020-2-12":{"cases":1135,"deaths":8,"recovered":246,"active":881,"growthFactor":1.0271493212669682},"2020-2-13":{"cases":1169,"deaths":10,"recovered":296,"active":863,"growthFactor":1.0299559471365638},"2020-2-14":{"cases":1184,"deaths":11,"recovered":357,"active":816,"growthFactor":1.0128314798973481},"2020-2-15":{"cases":1212,"deaths":13,"recovered":391,"active":808,"growthFactor":1.0236486486486487},"2020-2-16":{"cases":1231,"deaths":13,"recovered":440,"active":778,"growthFactor":1.0156765676567656},"2020-2-17":{"cases":1246,"deaths":16,"recovered":509,"active":721,"growthFactor":1.0121852152721365},"2020-2-18":{"cases":1257,"deaths":19,"recovered":522,"active":716,"growthFactor":1.0088282504012842},"2020-2-19":{"cases":1262,"deaths":19,"recovered":573,"active":670,"growthFactor":1.0039777247414479},"2020-2-20":{"cases":1265,"deaths":19,"recovered":637,"active":609,"growthFactor":1.002377179080824},"2020-2-21":{"cases":1267,"deaths":19,"recovered":736,"active":512,"growthFactor":1.0015810276679842},"2020-2-22":{"cases":1270,"deaths":19,"recovered":830,"active":421,"growthFactor":1.0023677979479084},"2020-2-23":{"cases":1271,"deaths":19,"recovered":868,"active":384,"growthFactor":1.000787401574803},"2020-2-24":{"cases":1271,"deaths":19,"recovered":943,"active":309,"growthFactor":1},"2020-2-25":{"cases":1271,"deaths":19,"recovered":1002,"active":250,"growthFactor":1},"2020-2-26":{"cases":1271,"deaths":19,"recovered":1033,"active":219,"growthFactor":1},"2020-2-27":{"cases":1272,"deaths":20,"recovered":1068,"active":184,"growthFactor":1.000786782061369},"2020-2-28":{"cases":1272,"deaths":20,"recovered":1112,"active":140,"growthFactor":1},"2020-2-29":{"cases":1272,"deaths":21,"recovered":1170,"active":81,"growthFactor":1},"2020-3-1":{"cases":1272,"deaths":22,"recovered":1198,"active":52,"growthFactor":1},"2020-3-2":{"cases":1272,"deaths":22,"recovered":1205,"active":45,"growthFactor":1},"2020-3-3":{"cases":1272,"deaths":22,"recovered":1231,"active":19,"growthFactor":1},"2020-3-4":{"cases":1272,"deaths":22,"recovered":1234,"active":16,"growthFactor":1},"2020-3-5":{"cases":1272,"deaths":22,"recovered":1239,"active":11,"growthFactor":1},"2020-3-6":{"cases":1272,"deaths":22,"recovered":1244,"active":6,"growthFactor":1},"2020-3-7":{"cases":1272,"deaths":22,"recovered":1244,"active":6,"growthFactor":1},"2020-3-8":{"cases":1272,"deaths":22,"recovered":1247,"active":3,"growthFactor":1},"2020-3-9":{"cases":1272,"deaths":22,"recovered":1247,"active":3,"growthFactor":1},"2020-3-10":{"cases":1272,"deaths":22,"recovered":1247,"active":3,"growthFactor":1},"2020-3-11":{"cases":1273,"deaths":22,"recovered":1249,"active":2,"growthFactor":1.0007861635220126},"2020-3-12":{"cases":1273,"deaths":22,"recovered":1249,"active":2,"growthFactor":1},"2020-3-13":{"cases":1273,"deaths":22,"recovered":1249,"active":2,"growthFactor":1},"2020-3-14":{"cases":1273,"deaths":22,"recovered":1250,"active":1,"growthFactor":1},"2020-3-15":{"cases":1273,"deaths":22,"recovered":1250,"active":1,"growthFactor":1},"2020-3-16":{"cases":1273,"deaths":22,"recovered":1250,"active":1,"growthFactor":1},"2020-3-17":{"cases":1273,"deaths":22,"recovered":1250,"active":1,"growthFactor":1},"2020-3-18":{"cases":1273,"deaths":22,"recovered":1250,"active":1,"growthFactor":1},"2020-3-19":{"cases":1273,"deaths":22,"recovered":1250,"active":1,"growthFactor":1},"2020-3-20":{"cases":1273,"deaths":22,"recovered":1250,"active":1,"growthFactor":1},"2020-3-21":{"cases":1273,"deaths":22,"recovered":1250,"active":1,"growthFactor":1},"2020-3-22":{"cases":1273,"deaths":22,"recovered":1250,"active":1,"growthFactor":1},"2020-3-23":{"cases":1274,"deaths":22,"recovered":1250,"active":2,"growthFactor":1.0007855459544384},"2020-3-24":{"cases":1274,"deaths":22,"growthFactor":1},"2020-3-25":{"cases":1274,"deaths":22,"growthFactor":1},"2020-3-26":{"cases":1275,"deaths":22,"growthFactor":1.000784929356358},"2020-3-27":{"cases":1275,"deaths":22,"growthFactor":1},"2020-3-28":{"cases":1275,"deaths":22,"growthFactor":1}},"maintainers":[{"name":"Larry Davis","email":"lazdnet@gmail.com","twitter":"lazdnet","github":"lazd","country":"USA","state":"CA","county":"San Francisco","city":"San Francisco","flag":"🇺🇸"}],"url":"https://github.com/CSSEGISandData/COVID-19","curators":[{"name":"JHU CSSE","url":"https://systems.jhu.edu/research/public-health/ncov/"}],"aggregate":"state","country":"CHN","coordinates":[113.48442223524788,33.87707977965809],"state":"Henan","rating":0.5098039215686274,"tz":["Asia/Shanghai"],"featureId":41,"population":96050000}