{"dates":{"2020-1-22":{"cases":2,"deaths":0,"recovered":0,"active":2},"2020-1-23":{"cases":7,"deaths":0,"recovered":0,"active":7,"growthFactor":3.5},"2020-1-24":{"cases":18,"deaths":0,"recovered":0,"active":18,"growthFactor":2.5714285714285716},"2020-1-25":{"cases":18,"deaths":0,"recovered":0,"active":18,"growthFactor":1},"2020-1-26":{"cases":36,"deaths":0,"recovered":0,"active":36,"growthFactor":2},"2020-1-27":{"cases":72,"deaths":0,"recovered":2,"active":70,"growthFactor":2},"2020-1-28":{"cases":109,"deaths":0,"recovered":3,"active":106,"growthFactor":1.5138888888888888},"2020-1-29":{"cases":109,"deaths":0,"recovered":3,"active":106,"growthFactor":1},"2020-1-30":{"cases":162,"deaths":0,"recovered":5,"active":157,"growthFactor":1.4862385321100917},"2020-1-31":{"cases":240,"deaths":0,"recovered":7,"active":233,"growthFactor":1.4814814814814814},"2020-2-1":{"cases":286,"deaths":0,"recovered":9,"active":277,"growthFactor":1.1916666666666667},"2020-2-2":{"cases":333,"deaths":0,"recovered":12,"active":321,"growthFactor":1.1643356643356644},"2020-2-3":{"cases":391,"deaths":0,"recovered":18,"active":373,"growthFactor":1.1741741741741742},"2020-2-4":{"cases":476,"deaths":0,"recovered":20,"active":456,"growthFactor":1.2173913043478262},"2020-2-5":{"cases":548,"deaths":0,"recovered":27,"active":521,"growthFactor":1.1512605042016806},"2020-2-6":{"cases":600,"deaths":0,"recovered":37,"active":563,"growthFactor":1.094890510948905},"2020-2-7":{"cases":661,"deaths":0,"recovered":45,"active":616,"growthFactor":1.1016666666666666},"2020-2-8":{"cases":698,"deaths":0,"recovered":55,"active":643,"growthFactor":1.0559757942511347},"2020-2-9":{"cases":740,"deaths":0,"recovered":73,"active":667,"growthFactor":1.0601719197707737},"2020-2-10":{"cases":771,"deaths":1,"recovered":105,"active":665,"growthFactor":1.0418918918918918},"2020-2-11":{"cases":804,"deaths":1,"recovered":128,"active":675,"growthFactor":1.0428015564202335},"2020-2-12":{"cases":844,"deaths":1,"recovered":152,"active":691,"growthFactor":1.0497512437810945},"2020-2-13":{"cases":872,"deaths":1,"recovered":170,"active":701,"growthFactor":1.033175355450237},"2020-2-14":{"cases":900,"deaths":1,"recovered":187,"active":712,"growthFactor":1.0321100917431192},"2020-2-15":{"cases":913,"deaths":1,"recovered":210,"active":702,"growthFactor":1.0144444444444445},"2020-2-16":{"cases":925,"deaths":1,"recovered":240,"active":684,"growthFactor":1.013143483023001},"2020-2-17":{"cases":930,"deaths":1,"recovered":275,"active":654,"growthFactor":1.0054054054054054},"2020-2-18":{"cases":933,"deaths":1,"recovered":310,"active":622,"growthFactor":1.0032258064516129},"2020-2-19":{"cases":934,"deaths":1,"recovered":362,"active":571,"growthFactor":1.0010718113612005},"2020-2-20":{"cases":934,"deaths":1,"recovered":433,"active":500,"growthFactor":1},"2020-2-21":{"cases":934,"deaths":1,"recovered":489,"active":444,"growthFactor":1},"2020-2-22":{"cases":934,"deaths":1,"recovered":555,"active":378,"growthFactor":1},"2020-2-23":{"cases":934,"deaths":1,"recovered":613,"active":320,"growthFactor":1},"2020-2-24":{"cases":934,"deaths":1,"recovered":645,"active":288,"growthFactor":1},"2020-2-25":{"cases":934,"deaths":1,"recovered":683,"active":250,"growthFactor":1},"2020-2-26":{"cases":934,"deaths":1,"recovered":719,"active":214,"growthFactor":1},"2020-2-27":{"cases":934,"deaths":1,"recovered":754,"active":179,"growthFactor":1},"2020-2-28":{"cases":935,"deaths":1,"recovered":790,"active":144,"growthFactor":1.0010706638115632},"2020-2-29":{"cases":935,"deaths":1,"recovered":811,"active":123,"growthFactor":1},"2020-3-1":{"cases":935,"deaths":1,"recovered":831,"active":103,"growthFactor":1},"2020-3-2":{"cases":935,"deaths":1,"recovered":850,"active":84,"growthFactor":1},"2020-3-3":{"cases":935,"deaths":1,"recovered":870,"active":64,"growthFactor":1},"2020-3-4":{"cases":935,"deaths":1,"recovered":884,"active":50,"growthFactor":1},"2020-3-5":{"cases":935,"deaths":1,"recovered":901,"active":33,"growthFactor":1},"2020-3-6":{"cases":935,"deaths":1,"recovered":909,"active":25,"growthFactor":1},"2020-3-7":{"cases":935,"deaths":1,"recovered":916,"active":18,"growthFactor":1},"2020-3-8":{"cases":935,"deaths":1,"recovered":919,"active":15,"growthFactor":1},"2020-3-9":{"cases":935,"deaths":1,"recovered":923,"active":11,"growthFactor":1},"2020-3-10":{"cases":935,"deaths":1,"recovered":927,"active":7,"growthFactor":1},"2020-3-11":{"cases":935,"deaths":1,"recovered":932,"active":2,"growthFactor":1},"2020-3-12":{"cases":935,"deaths":1,"recovered":934,"active":0,"growthFactor":1},"2020-3-13":{"cases":935,"deaths":1,"recovered":934,"active":0,"growthFactor":1},"2020-3-14":{"cases":935,"deaths":1,"recovered":934,"active":0,"growthFactor":1},"2020-3-15":{"cases":935,"deaths":1,"recovered":934,"active":0,"growthFactor":1},"2020-3-16":{"cases":935,"deaths":1,"recovered":934,"active":0,"growthFactor":1},"2020-3-17":{"cases":935,"deaths":1,"recovered":934,"active":0,"growthFactor":1},"2020-3-18":{"cases":935,"deaths":1,"recovered":934,"active":0,"growthFactor":1},"2020-3-19":{"cases":935,"deaths":1,"recovered":934,"active":0,"growthFactor":1},"2020-3-20":{"cases":935,"deaths":1,"recovered":934,"active":0,"growthFactor":1},"2020-3-21":{"cases":935,"deaths":1,"recovered":934,"active":0,"growthFactor":1},"2020-3-22":{"cases":936,"deaths":1,"recovered":934,"active":1,"growthFactor":1.0010695187165775},"2020-3-23":{"cases":936,"deaths":1,"recovered":934,"active":1,"growthFactor":1},"2020-3-24":{"cases":936,"deaths":1,"growthFactor":1},"2020-3-25":{"cases":936,"deaths":1,"growthFactor":1},"2020-3-26":{"cases":936,"deaths":1,"growthFactor":1},"2020-3-27":{"cases":936,"deaths":1,"growthFactor":1},"2020-3-28":{"cases":936,"deaths":1,"growthFactor":1}},"maintainers":[{"name":"Larry Davis","email":"lazdnet@gmail.com","twitter":"lazdnet","github":"lazd","country":"USA","state":"CA","county":"San Francisco","city":"San Francisco","flag":"🇺🇸"}],"url":"https://github.com/CSSEGISandData/COVID-19","curators":[{"name":"JHU CSSE","url":"https://systems.jhu.edu/research/public-health/ncov/"}],"aggregate":"state","country":"CHN","coordinates":[116.01917707751011,27.275131334293633],"state":"Jiangxi","rating":0.5098039215686274,"tz":["Asia/Shanghai"],"featureId":47,"population":46480000}