{"dates":{"2020-1-22":{"cases":0,"deaths":0,"recovered":0,"active":0},"2020-1-23":{"cases":1,"deaths":0,"recovered":0,"active":1,"growthFactor":null},"2020-1-24":{"cases":3,"deaths":0,"recovered":0,"active":3,"growthFactor":3},"2020-1-25":{"cases":4,"deaths":0,"recovered":0,"active":4,"growthFactor":1.3333333333333333},"2020-1-26":{"cases":4,"deaths":0,"recovered":0,"active":4,"growthFactor":1},"2020-1-27":{"cases":6,"deaths":0,"recovered":0,"active":6,"growthFactor":1.5},"2020-1-28":{"cases":8,"deaths":0,"recovered":0,"active":8,"growthFactor":1.3333333333333333},"2020-1-29":{"cases":9,"deaths":0,"recovered":0,"active":9,"growthFactor":1.125},"2020-1-30":{"cases":14,"deaths":0,"recovered":1,"active":13,"growthFactor":1.5555555555555556},"2020-1-31":{"cases":14,"deaths":0,"recovered":1,"active":13,"growthFactor":1},"2020-2-1":{"cases":17,"deaths":0,"recovered":1,"active":16,"growthFactor":1.2142857142857142},"2020-2-2":{"cases":23,"deaths":0,"recovered":1,"active":22,"growthFactor":1.3529411764705883},"2020-2-3":{"cases":31,"deaths":0,"recovered":1,"active":30,"growthFactor":1.3478260869565217},"2020-2-4":{"cases":42,"deaths":0,"recovered":1,"active":41,"growthFactor":1.3548387096774193},"2020-2-5":{"cases":54,"deaths":0,"recovered":2,"active":52,"growthFactor":1.2857142857142858},"2020-2-6":{"cases":59,"deaths":0,"recovered":4,"active":55,"growthFactor":1.0925925925925926},"2020-2-7":{"cases":65,"deaths":1,"recovered":4,"active":60,"growthFactor":1.1016949152542372},"2020-2-8":{"cases":69,"deaths":1,"recovered":4,"active":64,"growthFactor":1.0615384615384615},"2020-2-9":{"cases":78,"deaths":1,"recovered":12,"active":65,"growthFactor":1.1304347826086956},"2020-2-10":{"cases":80,"deaths":1,"recovered":13,"active":66,"growthFactor":1.0256410256410255},"2020-2-11":{"cases":81,"deaths":1,"recovered":18,"active":62,"growthFactor":1.0125},"2020-2-12":{"cases":83,"deaths":1,"recovered":22,"active":60,"growthFactor":1.0246913580246915},"2020-2-13":{"cases":84,"deaths":1,"recovered":24,"active":59,"growthFactor":1.0120481927710843},"2020-2-14":{"cases":86,"deaths":1,"recovered":25,"active":60,"growthFactor":1.0238095238095237},"2020-2-15":{"cases":88,"deaths":1,"recovered":26,"active":61,"growthFactor":1.0232558139534884},"2020-2-16":{"cases":89,"deaths":1,"recovered":30,"active":58,"growthFactor":1.0113636363636365},"2020-2-17":{"cases":89,"deaths":1,"recovered":34,"active":54,"growthFactor":1},"2020-2-18":{"cases":89,"deaths":1,"recovered":36,"active":52,"growthFactor":1},"2020-2-19":{"cases":90,"deaths":1,"recovered":37,"active":52,"growthFactor":1.0112359550561798},"2020-2-20":{"cases":91,"deaths":1,"recovered":43,"active":47,"growthFactor":1.011111111111111},"2020-2-21":{"cases":91,"deaths":1,"recovered":45,"active":45,"growthFactor":1},"2020-2-22":{"cases":91,"deaths":1,"recovered":52,"active":38,"growthFactor":1},"2020-2-23":{"cases":91,"deaths":1,"recovered":54,"active":36,"growthFactor":1},"2020-2-24":{"cases":93,"deaths":1,"recovered":60,"active":32,"growthFactor":1.021978021978022},"2020-2-25":{"cases":93,"deaths":1,"recovered":63,"active":29,"growthFactor":1},"2020-2-26":{"cases":93,"deaths":1,"recovered":65,"active":27,"growthFactor":1},"2020-2-27":{"cases":93,"deaths":1,"recovered":67,"active":25,"growthFactor":1},"2020-2-28":{"cases":93,"deaths":1,"recovered":73,"active":19,"growthFactor":1},"2020-2-29":{"cases":93,"deaths":1,"recovered":75,"active":17,"growthFactor":1},"2020-3-1":{"cases":93,"deaths":1,"recovered":78,"active":14,"growthFactor":1},"2020-3-2":{"cases":93,"deaths":1,"recovered":83,"active":9,"growthFactor":1},"2020-3-3":{"cases":93,"deaths":1,"recovered":83,"active":9,"growthFactor":1},"2020-3-4":{"cases":93,"deaths":1,"recovered":86,"active":6,"growthFactor":1},"2020-3-5":{"cases":93,"deaths":1,"recovered":88,"active":4,"growthFactor":1},"2020-3-6":{"cases":93,"deaths":1,"recovered":90,"active":2,"growthFactor":1},"2020-3-7":{"cases":93,"deaths":1,"recovered":90,"active":2,"growthFactor":1},"2020-3-8":{"cases":93,"deaths":1,"recovered":90,"active":2,"growthFactor":1},"2020-3-9":{"cases":93,"deaths":1,"recovered":91,"active":1,"growthFactor":1},"2020-3-10":{"cases":93,"deaths":1,"recovered":91,"active":1,"growthFactor":1},"2020-3-11":{"cases":93,"deaths":1,"recovered":91,"active":1,"growthFactor":1},"2020-3-12":{"cases":93,"deaths":1,"recovered":91,"active":1,"growthFactor":1},"2020-3-13":{"cases":93,"deaths":1,"recovered":91,"active":1,"growthFactor":1},"2020-3-14":{"cases":93,"deaths":1,"recovered":91,"active":1,"growthFactor":1},"2020-3-15":{"cases":93,"deaths":1,"recovered":91,"active":1,"growthFactor":1},"2020-3-16":{"cases":93,"deaths":1,"recovered":92,"active":0,"growthFactor":1},"2020-3-17":{"cases":93,"deaths":1,"recovered":92,"active":0,"growthFactor":1},"2020-3-18":{"cases":93,"deaths":1,"recovered":92,"active":0,"growthFactor":1},"2020-3-19":{"cases":93,"deaths":1,"recovered":92,"active":0,"growthFactor":1},"2020-3-20":{"cases":93,"deaths":1,"recovered":92,"active":0,"growthFactor":1},"2020-3-21":{"cases":93,"deaths":1,"recovered":92,"active":0,"growthFactor":1},"2020-3-22":{"cases":93,"deaths":1,"recovered":92,"active":0,"growthFactor":1},"2020-3-23":{"cases":93,"deaths":1,"recovered":92,"active":0,"growthFactor":1},"2020-3-24":{"cases":93,"deaths":1,"growthFactor":1},"2020-3-25":{"cases":94,"deaths":1,"growthFactor":1.010752688172043},"2020-3-26":{"cases":95,"deaths":1,"growthFactor":1.0106382978723405},"2020-3-27":{"cases":95,"deaths":1,"growthFactor":1},"2020-3-28":{"cases":97,"deaths":1,"growthFactor":1.0210526315789474},"2020-3-29":{"cases":98,"deaths":1,"growthFactor":1.0103092783505154},"2020-3-30":{"cases":98,"deaths":1,"growthFactor":1},"2020-3-31":{"cases":98,"deaths":1,"growthFactor":1},"2020-4-1":{"cases":0,"deaths":0,"growthFactor":0}},"maintainers":[{"name":"Larry Davis","email":"lazdnet@gmail.com","twitter":"lazdnet","github":"lazd","country":"USA","state":"CA","county":"San Francisco","city":"San Francisco","flag":"🇺🇸"}],"url":"https://github.com/CSSEGISandData/COVID-19","curators":[{"name":"JHU CSSE","url":"https://systems.jhu.edu/research/public-health/ncov/"}],"aggregate":"state","country":"CHN","coordinates":[126.47365482303488,43.56576924140737],"state":"Jilin","rating":0.5098039215686274,"tz":["Asia/Shanghai"],"featureId":47,"population":27040000}