{"dates":{"2020-2-24":{"cases":3,"deaths":0,"recovered":1,"active":2},"2020-2-25":{"cases":3,"deaths":0,"recovered":1,"active":2,"growthFactor":1},"2020-2-26":{"cases":3,"deaths":0,"recovered":3,"active":0,"growthFactor":1},"2020-2-27":{"cases":3,"deaths":0,"recovered":3,"active":0,"growthFactor":1},"2020-2-28":{"cases":3,"deaths":0,"recovered":3,"active":0,"growthFactor":1},"2020-2-29":{"cases":6,"deaths":0,"recovered":3,"active":3,"growthFactor":2},"2020-3-1":{"cases":6,"deaths":0,"recovered":3,"active":3,"growthFactor":1},"2020-3-2":{"cases":7,"deaths":0,"recovered":3,"active":4,"growthFactor":1.1666666666666667},"2020-3-3":{"cases":14,"deaths":0,"recovered":3,"active":11,"growthFactor":2},"2020-3-4":{"cases":30,"deaths":0,"recovered":3,"active":27,"growthFactor":2.142857142857143},"2020-3-5":{"cases":44,"deaths":0,"recovered":3,"active":41,"growthFactor":1.4666666666666666},"2020-3-6":{"cases":54,"deaths":1,"recovered":3,"active":50,"growthFactor":1.2272727272727273},"2020-3-7":{"cases":76,"deaths":1,"recovered":3,"active":72,"growthFactor":1.4074074074074074},"2020-3-8":{"cases":87,"deaths":3,"recovered":3,"active":81,"growthFactor":1.144736842105263},"2020-3-9":{"cases":102,"deaths":5,"recovered":3,"active":94,"growthFactor":1.1724137931034482},"2020-3-10":{"cases":116,"deaths":6,"recovered":11,"active":99,"growthFactor":1.1372549019607843},"2020-3-11":{"cases":150,"deaths":6,"recovered":19,"active":125,"growthFactor":1.293103448275862},"2020-3-12":{"cases":200,"deaths":9,"recovered":19,"active":172,"growthFactor":1.3333333333333333},"2020-3-13":{"cases":277,"deaths":11,"recovered":24,"active":242,"growthFactor":1.385},"2020-3-14":{"cases":357,"deaths":13,"recovered":24,"active":320,"growthFactor":1.288808664259928},"2020-3-15":{"cases":436,"deaths":16,"recovered":24,"active":396,"growthFactor":1.2212885154061626},"2020-3-16":{"cases":523,"deaths":19,"recovered":32,"active":472,"growthFactor":1.1995412844036697},"2020-3-17":{"cases":607,"deaths":23,"recovered":34,"active":550,"growthFactor":1.1606118546845123},"2020-3-18":{"cases":724,"deaths":32,"recovered":42,"active":650,"growthFactor":1.1927512355848435},"2020-3-19":{"cases":823,"deaths":38,"recovered":44,"active":741,"growthFactor":1.1367403314917126},"2020-3-20":{"cases":1008,"deaths":43,"recovered":53,"active":912,"growthFactor":1.2247873633049817},"2020-3-21":{"cases":1190,"deaths":50,"recovered":54,"active":1086,"growthFactor":1.1805555555555556},"2020-3-22":{"cases":1383,"deaths":53,"recovered":58,"active":1272,"growthFactor":1.16218487394958},"2020-3-23":{"cases":1540,"deaths":63,"recovered":63,"active":1414,"growthFactor":1.11352133044107},"2020-3-24":{"cases":1728,"deaths":80,"recovered":103,"active":1545,"growthFactor":1.122077922077922},"2020-3-25":{"cases":1901,"deaths":95,"recovered":131,"active":1675,"growthFactor":1.1001157407407407},"2020-3-26":{"cases":2096,"deaths":106,"recovered":155,"active":1835,"growthFactor":1.1025775907417148}},"country":"ITA","url":"https://raw.githubusercontent.com/pcm-dpc/COVID-19/master/dati-regioni/dpc-covid19-ita-regioni.csv","aggregate":"state","state":"Lazio","rating":0.6274509803921569,"coordinates":[12.738640304805985,41.811776720877134],"tz":["Europe/Rome"],"featureId":324,"population":5879082}