{"dates":{"2020-2-27":{"cases":4,"deaths":0,"recovered":0,"active":4},"2020-2-28":{"cases":5,"deaths":0,"recovered":0,"active":5,"growthFactor":1.25},"2020-2-29":{"cases":8,"deaths":0,"recovered":0,"active":8,"growthFactor":1.6},"2020-3-1":{"cases":10,"deaths":0,"recovered":0,"active":10,"growthFactor":1.25},"2020-3-2":{"cases":29,"deaths":0,"recovered":0,"active":29,"growthFactor":2.9},"2020-3-3":{"cases":49,"deaths":0,"recovered":0,"active":49,"growthFactor":1.6896551724137931},"2020-3-4":{"cases":70,"deaths":0,"recovered":0,"active":70,"growthFactor":1.4285714285714286},"2020-3-5":{"cases":90,"deaths":1,"recovered":0,"active":89,"growthFactor":1.2857142857142858},"2020-3-6":{"cases":137,"deaths":2,"recovered":0,"active":135,"growthFactor":1.5222222222222221},"2020-3-7":{"cases":174,"deaths":4,"recovered":0,"active":170,"growthFactor":1.27007299270073},"2020-3-8":{"cases":202,"deaths":8,"recovered":0,"active":194,"growthFactor":1.160919540229885},"2020-3-9":{"cases":469,"deaths":8,"recovered":0,"active":461,"growthFactor":2.3217821782178216},"2020-3-10":{"cases":782,"deaths":21,"recovered":0,"active":761,"growthFactor":1.6673773987206824},"2020-3-11":{"cases":1024,"deaths":31,"recovered":0,"active":993,"growthFactor":1.3094629156010231},"2020-3-12":{"cases":1388,"deaths":56,"recovered":0,"active":1332,"growthFactor":1.35546875},"2020-3-13":{"cases":1990,"deaths":81,"recovered":0,"active":1909,"growthFactor":1.4337175792507204},"2020-3-14":{"cases":2940,"deaths":86,"recovered":0,"active":2854,"growthFactor":1.4773869346733668},"2020-3-15":{"cases":3544,"deaths":213,"recovered":0,"active":3331,"growthFactor":1.2054421768707484},"2020-3-16":{"cases":4165,"deaths":213,"recovered":474,"active":3478,"growthFactor":1.1752257336343115},"2020-3-17":{"cases":4871,"deaths":355,"recovered":951,"active":3565,"growthFactor":1.1695078031212485},"2020-3-18":{"cases":5637,"deaths":390,"recovered":951,"active":4296,"growthFactor":1.1572572367070417},"2020-3-19":{"cases":6777,"deaths":498,"recovered":941,"active":5338,"growthFactor":1.2022352315061202},"2020-3-20":{"cases":7165,"deaths":628,"recovered":1186,"active":5351,"growthFactor":1.057252471595101},"2020-3-21":{"cases":8921,"deaths":804,"recovered":1542,"active":6575,"growthFactor":1.2450802512212142},"2020-3-22":{"cases":9702,"deaths":1021,"recovered":1899,"active":6782,"growthFactor":1.0875462392108508},"2020-3-23":{"cases":10575,"deaths":1263,"recovered":2063,"active":7249,"growthFactor":1.0899814471243043},"2020-3-24":{"cases":12352,"deaths":1535,"recovered":2291,"active":8526,"growthFactor":1.1680378250591017},"2020-3-25":{"cases":14597,"deaths":1825,"recovered":3031,"active":9741,"growthFactor":1.1817519430051813},"2020-3-26":{"cases":17166,"deaths":2090,"recovered":3882,"active":11194,"growthFactor":1.1759950674796191},"2020-3-27":{"cases":19243,"deaths":2412,"recovered":5044,"active":11787,"growthFactor":1.120994990096703}},"country":"ESP","url":"https://github.com/datadista/datasets/tree/master/COVID%2019","aggregate":"state","sources":[{"name":"cases","url":"https://raw.githubusercontent.com/datadista/datasets/master/COVID%2019/ccaa_covid19_casos.csv","description":"Cases by date and community"},{"name":"recovered","url":"https://raw.githubusercontent.com/datadista/datasets/master/COVID%2019/ccaa_covid19_altas.csv","description":"Recoveries by date and community"},{"name":"deaths","url":"https://raw.githubusercontent.com/datadista/datasets/master/COVID%2019/ccaa_covid19_fallecidos.csv","description":"Deaths by date and community"}],"curators":[{"name":"Antonio Delgado","url":"https://datadista.com/","twitter":"@adelgado","github":"adelgadob"}],"maintainers":[{"name":"Herb Caudill","url":"https://devresults.com","twitter":"@herbcaudill","github":"herbcaudill"}],"state":"Madrid","rating":0.5882352941176471,"coordinates":[-3.8155935000000003,40.522648000000004],"tz":["Europe/Madrid"],"featureId":267,"population":6685471}