{"dates":{"2020-2-24":{"cases":0,"deaths":0,"recovered":0,"active":0,"tested":16},"2020-2-25":{"cases":0,"deaths":0,"recovered":0,"active":0,"tested":21,"growthFactor":null},"2020-2-26":{"cases":1,"deaths":0,"recovered":0,"active":1,"tested":28,"growthFactor":null},"2020-2-27":{"cases":3,"deaths":0,"recovered":0,"active":3,"tested":46,"growthFactor":3},"2020-2-28":{"cases":6,"deaths":0,"recovered":0,"active":6,"tested":47,"growthFactor":2},"2020-2-29":{"cases":11,"deaths":0,"recovered":0,"active":11,"tested":68,"growthFactor":1.8333333333333333},"2020-3-1":{"cases":25,"deaths":0,"recovered":0,"active":25,"tested":101,"growthFactor":2.272727272727273},"2020-3-2":{"cases":35,"deaths":1,"recovered":0,"active":34,"tested":137,"growthFactor":1.4},"2020-3-3":{"cases":61,"deaths":2,"recovered":0,"active":59,"tested":200,"growthFactor":1.7428571428571429},"2020-3-4":{"cases":84,"deaths":4,"recovered":0,"active":80,"tested":288,"growthFactor":1.3770491803278688},"2020-3-5":{"cases":124,"deaths":4,"recovered":0,"active":120,"tested":413,"growthFactor":1.4761904761904763},"2020-3-6":{"cases":159,"deaths":4,"recovered":0,"active":155,"tested":585,"growthFactor":1.282258064516129},"2020-3-7":{"cases":207,"deaths":6,"recovered":0,"active":201,"tested":816,"growthFactor":1.3018867924528301},"2020-3-8":{"cases":272,"deaths":7,"recovered":0,"active":265,"tested":1025,"growthFactor":1.3140096618357489},"2020-3-9":{"cases":323,"deaths":10,"recovered":0,"active":313,"tested":1250,"growthFactor":1.1875},"2020-3-10":{"cases":394,"deaths":13,"recovered":0,"active":381,"tested":1437,"growthFactor":1.2198142414860682},"2020-3-11":{"cases":479,"deaths":18,"recovered":0,"active":461,"tested":1656,"growthFactor":1.215736040609137},"2020-3-12":{"cases":592,"deaths":22,"recovered":0,"active":570,"tested":1907,"growthFactor":1.2359081419624216},"2020-3-13":{"cases":725,"deaths":27,"recovered":0,"active":698,"tested":2218,"growthFactor":1.224662162162162},"2020-3-14":{"cases":899,"deaths":36,"recovered":0,"active":863,"tested":2561,"growthFactor":1.24},"2020-3-15":{"cases":1133,"deaths":46,"recovered":0,"active":1087,"tested":2946,"growthFactor":1.260289210233593},"2020-3-16":{"cases":1242,"deaths":57,"recovered":0,"active":1185,"tested":3225,"growthFactor":1.0962047661076788},"2020-3-17":{"cases":1371,"deaths":69,"recovered":0,"active":1302,"tested":3225,"growthFactor":1.103864734299517},"2020-3-18":{"cases":1568,"deaths":92,"recovered":0,"active":1476,"tested":4109,"growthFactor":1.1436907366885485},"2020-3-19":{"cases":1737,"deaths":115,"recovered":0,"active":1622,"tested":4512,"growthFactor":1.1077806122448979},"2020-3-20":{"cases":1981,"deaths":137,"recovered":0,"active":1844,"tested":5170,"growthFactor":1.1404720782959126},"2020-3-21":{"cases":2153,"deaths":154,"recovered":2,"active":1997,"tested":5740,"growthFactor":1.0868248359414436},"2020-3-22":{"cases":2421,"deaths":184,"recovered":6,"active":2231,"tested":6391,"growthFactor":1.1244774732930793},"2020-3-23":{"cases":2569,"deaths":203,"recovered":8,"active":2358,"tested":6782,"growthFactor":1.0611317637339943},"2020-3-24":{"cases":2736,"deaths":231,"recovered":8,"active":2497,"tested":7229,"growthFactor":1.0650058388478008},"2020-3-25":{"cases":2934,"deaths":287,"recovered":8,"active":2639,"tested":7896,"growthFactor":1.0723684210526316},"2020-3-26":{"cases":3114,"deaths":310,"recovered":9,"active":2795,"tested":8623,"growthFactor":1.0613496932515338},"2020-3-27":{"cases":3196,"deaths":336,"recovered":10,"active":2850,"tested":9060,"growthFactor":1.0263326910725754},"2020-3-28":{"cases":3373,"deaths":364,"recovered":10,"active":2999,"tested":9884,"growthFactor":1.0553817271589487},"2020-3-29":{"cases":3558,"deaths":386,"recovered":12,"active":3160,"tested":10431,"growthFactor":1.0548473169285502},"2020-3-30":{"cases":3684,"deaths":417,"recovered":16,"active":3251,"tested":10979,"growthFactor":1.0354131534569984}},"country":"ITA","url":"https://raw.githubusercontent.com/pcm-dpc/COVID-19/master/dati-regioni/dpc-covid19-ita-regioni.csv","aggregate":"state","state":"Marche","rating":0.7058823529411765,"coordinates":[13.051090223045493,43.327895591043244],"tz":["Europe/Rome"],"featureId":333,"population":1525271}