{"dates":{"2020-2-27":{"cases":0,"deaths":0,"recovered":0,"active":0},"2020-2-28":{"cases":0,"deaths":0,"recovered":0,"active":0,"growthFactor":null},"2020-2-29":{"cases":0,"deaths":0,"recovered":0,"active":0,"growthFactor":null},"2020-3-1":{"cases":1,"deaths":0,"recovered":0,"active":1,"growthFactor":null},"2020-3-2":{"cases":1,"deaths":0,"recovered":0,"active":1,"growthFactor":1},"2020-3-3":{"cases":1,"deaths":0,"recovered":0,"active":1,"growthFactor":1},"2020-3-4":{"cases":3,"deaths":0,"recovered":0,"active":3,"growthFactor":3},"2020-3-5":{"cases":3,"deaths":0,"recovered":0,"active":3,"growthFactor":1},"2020-3-6":{"cases":3,"deaths":0,"recovered":0,"active":3,"growthFactor":1},"2020-3-7":{"cases":3,"deaths":0,"recovered":0,"active":3,"growthFactor":1},"2020-3-8":{"cases":3,"deaths":0,"recovered":0,"active":3,"growthFactor":1},"2020-3-9":{"cases":3,"deaths":0,"recovered":0,"active":3,"growthFactor":1},"2020-3-10":{"cases":12,"deaths":0,"recovered":0,"active":12,"growthFactor":4},"2020-3-11":{"cases":46,"deaths":0,"recovered":0,"active":46,"growthFactor":3.8333333333333335},"2020-3-12":{"cases":73,"deaths":0,"recovered":0,"active":73,"growthFactor":1.5869565217391304},"2020-3-13":{"cases":130,"deaths":0,"recovered":0,"active":130,"growthFactor":1.7808219178082192},"2020-3-14":{"cases":146,"deaths":0,"recovered":0,"active":146,"growthFactor":1.123076923076923},"2020-3-15":{"cases":183,"deaths":0,"recovered":0,"active":183,"growthFactor":1.2534246575342465},"2020-3-16":{"cases":274,"deaths":1,"recovered":0,"active":273,"growthFactor":1.4972677595628416},"2020-3-17":{"cases":313,"deaths":2,"recovered":0,"active":311,"growthFactor":1.1423357664233578},"2020-3-18":{"cases":386,"deaths":3,"recovered":0,"active":383,"growthFactor":1.233226837060703},"2020-3-19":{"cases":482,"deaths":4,"recovered":0,"active":478,"growthFactor":1.2487046632124352},"2020-3-20":{"cases":554,"deaths":5,"recovered":1,"active":548,"growthFactor":1.1493775933609958},"2020-3-21":{"cases":664,"deaths":9,"recovered":1,"active":654,"growthFactor":1.1985559566787003},"2020-3-22":{"cases":794,"deaths":14,"recovered":4,"active":776,"growthFactor":1.1957831325301205},"2020-3-23":{"cases":886,"deaths":24,"recovered":7,"active":855,"growthFactor":1.1158690176322419},"2020-3-24":{"cases":1014,"deaths":31,"recovered":11,"active":972,"growthFactor":1.144469525959368},"2020-3-25":{"cases":1197,"deaths":33,"recovered":23,"active":1141,"growthFactor":1.180473372781065},"2020-3-26":{"cases":1411,"deaths":49,"recovered":35,"active":1327,"growthFactor":1.178780284043442},"2020-3-27":{"cases":1641,"deaths":58,"recovered":70,"active":1513,"growthFactor":1.1630049610205528},"2020-3-28":{"cases":1829,"deaths":70,"recovered":98,"active":1661,"growthFactor":1.1145642900670323},"2020-3-29":{"cases":2011,"deaths":84,"recovered":125,"active":1802,"growthFactor":1.099507927829415},"2020-3-30":{"cases":2146,"deaths":102,"recovered":161,"active":1883,"growthFactor":1.0671307807061163}},"country":"ESP","url":"https://github.com/datadista/datasets/tree/master/COVID%2019","aggregate":"state","sources":[{"name":"cases","url":"https://raw.githubusercontent.com/datadista/datasets/master/COVID%2019/ccaa_covid19_casos.csv","description":"Cases by date and community"},{"name":"recovered","url":"https://raw.githubusercontent.com/datadista/datasets/master/COVID%2019/ccaa_covid19_altas.csv","description":"Recoveries by date and community"},{"name":"deaths","url":"https://raw.githubusercontent.com/datadista/datasets/master/COVID%2019/ccaa_covid19_fallecidos.csv","description":"Deaths by date and community"}],"curators":[{"name":"Antonio Delgado","url":"https://datadista.com/","twitter":"@adelgado","github":"adelgadob"}],"maintainers":[{"name":"Herb Caudill","url":"https://devresults.com","twitter":"@herbcaudill","github":"herbcaudill"}],"state":"Navarra","rating":0.5882352941176471,"coordinates":[-1.611632,42.611912000000004],"tz":["Europe/Madrid"],"featureId":293,"population":652526}