{"dates":{"2020-1-24":{"cases":1},"2020-1-25":{"cases":1,"growthFactor":1},"2020-1-26":{"cases":1,"growthFactor":1},"2020-1-27":{"cases":1,"growthFactor":1},"2020-1-28":{"cases":1,"growthFactor":1},"2020-1-29":{"cases":1,"growthFactor":1},"2020-1-30":{"cases":1,"growthFactor":1},"2020-1-31":{"cases":1,"growthFactor":1},"2020-2-3":{"cases":1},"2020-2-5":{"cases":1},"2020-2-6":{"cases":1,"growthFactor":1},"2020-2-7":{"cases":1,"growthFactor":1},"2020-2-8":{"cases":1,"growthFactor":1},"2020-2-10":{"cases":1},"2020-2-11":{"cases":1,"growthFactor":1},"2020-2-12":{"cases":1,"growthFactor":1},"2020-2-20":{"cases":1},"2020-2-28":{"cases":1},"2020-2-29":{"cases":4,"growthFactor":4},"2020-3-2":{"cases":4},"2020-3-3":{"cases":4,"growthFactor":1},"2020-3-4":{"cases":5,"recovered":1,"growthFactor":1.25},"2020-3-5":{"cases":8,"recovered":1,"growthFactor":1.6},"2020-3-6":{"cases":11,"recovered":2,"growthFactor":1.375},"2020-3-7":{"cases":17,"recovered":2,"growthFactor":1.5454545454545454},"2020-3-8":{"cases":29,"recovered":2,"growthFactor":1.7058823529411764},"2020-3-9":{"cases":39,"recovered":2,"growthFactor":1.3448275862068966},"2020-3-10":{"cases":54,"recovered":2,"growthFactor":1.3846153846153846},"2020-3-11":{"cases":66,"recovered":2,"growthFactor":1.2222222222222223},"2020-3-12":{"cases":87,"recovered":2,"growthFactor":1.3181818181818181},"2020-3-13":{"cases":114,"recovered":2,"growthFactor":1.3103448275862069},"2020-3-14":{"cases":130,"recovered":2,"growthFactor":1.1403508771929824},"2020-3-15":{"cases":144,"deaths":2,"recovered":2,"active":140,"growthFactor":1.1076923076923078},"2020-3-16":{"cases":178,"deaths":2,"recovered":2,"active":174,"growthFactor":1.2361111111111112},"2020-3-17":{"cases":200,"deaths":2,"recovered":2,"active":196,"growthFactor":1.1235955056179776},"2020-3-18":{"cases":237,"deaths":2,"recovered":11,"active":224,"growthFactor":1.185},"2020-3-19":{"cases":280,"deaths":3,"recovered":19,"active":258,"growthFactor":1.1814345991561181},"2020-3-20":{"cases":432,"deaths":4,"recovered":31,"active":397,"growthFactor":1.542857142857143},"2020-3-21":{"cases":521,"deaths":5,"recovered":32,"active":484,"growthFactor":1.2060185185185186},"2020-3-22":{"cases":612,"deaths":8,"recovered":39,"active":565,"growthFactor":1.1746641074856046},"2020-3-23":{"cases":676,"deaths":13,"recovered":59,"active":604,"growthFactor":1.1045751633986929},"2020-3-24":{"cases":789,"deaths":16,"recovered":78,"active":695,"growthFactor":1.1671597633136095},"2020-3-25":{"cases":912,"deaths":25,"recovered":115,"active":772,"growthFactor":1.155893536121673},"2020-3-26":{"cases":1007,"deaths":34,"recovered":163,"active":810,"growthFactor":1.1041666666666667},"2020-3-27":{"deaths":42,"recovered":191,"growthFactor":null},"2020-3-28":{"deaths":50,"recovered":211,"growthFactor":null}},"country":"FRA","url":"https://raw.githubusercontent.com/opencovid19-fr/data/master/dist/chiffres-cles.csv","state":"Nouvelle-Aquitaine","population":5994336,"rating":0.47058823529411764,"coordinates":[0.40994910693179987,44.976635108258],"tz":["Europe/Paris"],"featureId":259}