{"dates":{"2020-1-22":{"cases":2,"deaths":0,"recovered":0,"active":2},"2020-1-23":{"cases":6,"deaths":0,"recovered":0,"active":6,"growthFactor":3},"2020-1-24":{"cases":15,"deaths":0,"recovered":0,"active":15,"growthFactor":2.5},"2020-1-25":{"cases":27,"deaths":0,"recovered":0,"active":27,"growthFactor":1.8},"2020-1-26":{"cases":46,"deaths":0,"recovered":0,"active":46,"growthFactor":1.7037037037037037},"2020-1-27":{"cases":75,"deaths":0,"recovered":0,"active":75,"growthFactor":1.6304347826086956},"2020-1-28":{"cases":95,"deaths":0,"recovered":0,"active":95,"growthFactor":1.2666666666666666},"2020-1-29":{"cases":130,"deaths":0,"recovered":1,"active":129,"growthFactor":1.368421052631579},"2020-1-30":{"cases":158,"deaths":0,"recovered":1,"active":157,"growthFactor":1.2153846153846153},"2020-1-31":{"cases":184,"deaths":0,"recovered":2,"active":182,"growthFactor":1.1645569620253164},"2020-2-1":{"cases":206,"deaths":0,"recovered":3,"active":203,"growthFactor":1.1195652173913044},"2020-2-2":{"cases":230,"deaths":0,"recovered":6,"active":224,"growthFactor":1.116504854368932},"2020-2-3":{"cases":259,"deaths":0,"recovered":7,"active":252,"growthFactor":1.126086956521739},"2020-2-4":{"cases":275,"deaths":0,"recovered":11,"active":264,"growthFactor":1.0617760617760619},"2020-2-5":{"cases":307,"deaths":0,"recovered":15,"active":292,"growthFactor":1.1163636363636364},"2020-2-6":{"cases":347,"deaths":0,"recovered":27,"active":320,"growthFactor":1.1302931596091206},"2020-2-7":{"cases":386,"deaths":0,"recovered":37,"active":349,"growthFactor":1.1123919308357348},"2020-2-8":{"cases":416,"deaths":0,"recovered":44,"active":372,"growthFactor":1.077720207253886},"2020-2-9":{"cases":444,"deaths":1,"recovered":63,"active":380,"growthFactor":1.0673076923076923},"2020-2-10":{"cases":466,"deaths":1,"recovered":66,"active":399,"growthFactor":1.0495495495495495},"2020-2-11":{"cases":487,"deaths":1,"recovered":80,"active":406,"growthFactor":1.0450643776824033},"2020-2-12":{"cases":497,"deaths":2,"recovered":92,"active":403,"growthFactor":1.0205338809034907},"2020-2-13":{"cases":509,"deaths":2,"recovered":105,"active":402,"growthFactor":1.0241448692152917},"2020-2-14":{"cases":523,"deaths":2,"recovered":136,"active":385,"growthFactor":1.0275049115913557},"2020-2-15":{"cases":532,"deaths":2,"recovered":156,"active":374,"growthFactor":1.0172084130019121},"2020-2-16":{"cases":537,"deaths":2,"recovered":173,"active":362,"growthFactor":1.0093984962406015},"2020-2-17":{"cases":541,"deaths":2,"recovered":191,"active":348,"growthFactor":1.0074487895716946},"2020-2-18":{"cases":543,"deaths":3,"recovered":211,"active":329,"growthFactor":1.0036968576709797},"2020-2-19":{"cases":544,"deaths":3,"recovered":231,"active":310,"growthFactor":1.0018416206261511},"2020-2-20":{"cases":546,"deaths":4,"recovered":254,"active":288,"growthFactor":1.0036764705882353},"2020-2-21":{"cases":749,"deaths":4,"recovered":281,"active":464,"growthFactor":1.3717948717948718},"2020-2-22":{"cases":750,"deaths":4,"recovered":302,"active":444,"growthFactor":1.0013351134846462},"2020-2-23":{"cases":754,"deaths":4,"recovered":321,"active":429,"growthFactor":1.0053333333333334},"2020-2-24":{"cases":755,"deaths":5,"recovered":343,"active":407,"growthFactor":1.0013262599469497},"2020-2-25":{"cases":756,"deaths":6,"recovered":355,"active":395,"growthFactor":1.0013245033112583},"2020-2-26":{"cases":756,"deaths":6,"recovered":377,"active":373,"growthFactor":1},"2020-2-27":{"cases":756,"deaths":6,"recovered":387,"active":363,"growthFactor":1},"2020-2-28":{"cases":756,"deaths":6,"recovered":405,"active":345,"growthFactor":1},"2020-2-29":{"cases":756,"deaths":6,"recovered":421,"active":329,"growthFactor":1},"2020-3-1":{"cases":758,"deaths":6,"recovered":443,"active":309,"growthFactor":1.0026455026455026},"2020-3-2":{"cases":758,"deaths":6,"recovered":460,"active":292,"growthFactor":1},"2020-3-3":{"cases":758,"deaths":6,"recovered":511,"active":241,"growthFactor":1},"2020-3-4":{"cases":758,"deaths":6,"recovered":516,"active":236,"growthFactor":1},"2020-3-5":{"cases":758,"deaths":6,"recovered":578,"active":174,"growthFactor":1},"2020-3-6":{"cases":758,"deaths":6,"recovered":618,"active":134,"growthFactor":1},"2020-3-7":{"cases":758,"deaths":6,"recovered":627,"active":125,"growthFactor":1},"2020-3-8":{"cases":758,"deaths":6,"recovered":642,"active":110,"growthFactor":1},"2020-3-9":{"cases":758,"deaths":6,"recovered":700,"active":52,"growthFactor":1},"2020-3-10":{"cases":758,"deaths":6,"recovered":719,"active":33,"growthFactor":1},"2020-3-11":{"cases":760,"deaths":6,"recovered":726,"active":28,"growthFactor":1.0026385224274406},"2020-3-12":{"cases":760,"deaths":6,"recovered":734,"active":20,"growthFactor":1},"2020-3-13":{"cases":760,"deaths":7,"recovered":739,"active":14,"growthFactor":1},"2020-3-14":{"cases":760,"deaths":7,"recovered":741,"active":12,"growthFactor":1},"2020-3-15":{"cases":760,"deaths":7,"recovered":741,"active":12,"growthFactor":1},"2020-3-16":{"cases":760,"deaths":7,"recovered":746,"active":7,"growthFactor":1},"2020-3-17":{"cases":761,"deaths":7,"recovered":746,"active":8,"growthFactor":1.0013157894736842},"2020-3-18":{"cases":761,"deaths":7,"recovered":746,"active":8,"growthFactor":1},"2020-3-19":{"cases":761,"deaths":7,"recovered":747,"active":7,"growthFactor":1},"2020-3-20":{"cases":762,"deaths":7,"recovered":748,"active":7,"growthFactor":1.0013140604467805},"2020-3-21":{"cases":764,"deaths":7,"recovered":749,"active":8,"growthFactor":1.0026246719160106},"2020-3-22":{"cases":766,"deaths":7,"recovered":750,"active":9,"growthFactor":1.0026178010471205},"2020-3-23":{"cases":767,"deaths":7,"recovered":751,"active":9,"growthFactor":1.0013054830287207},"2020-3-24":{"cases":768,"deaths":7,"growthFactor":1.001303780964798},"2020-3-25":{"cases":769,"deaths":7,"growthFactor":1.0013020833333333},"2020-3-26":{"cases":771,"deaths":7,"growthFactor":1.0026007802340702},"2020-3-27":{"cases":772,"deaths":7,"growthFactor":1.0012970168612192},"2020-3-28":{"cases":772,"deaths":7,"growthFactor":1}},"maintainers":[{"name":"Larry Davis","email":"lazdnet@gmail.com","twitter":"lazdnet","github":"lazd","country":"USA","state":"CA","county":"San Francisco","city":"San Francisco","flag":"🇺🇸"}],"url":"https://github.com/CSSEGISandData/COVID-19","curators":[{"name":"JHU CSSE","url":"https://systems.jhu.edu/research/public-health/ncov/"}],"aggregate":"state","country":"CHN","coordinates":[118.74515424940193,36.33507593620547],"state":"Shandong","rating":0.5098039215686274,"tz":["Asia/Shanghai"],"featureId":54,"population":100470000}