{"dates":{"2020-1-22":{"cases":5,"deaths":0,"recovered":0,"active":5},"2020-1-23":{"cases":8,"deaths":0,"recovered":0,"active":8,"growthFactor":1.6},"2020-1-24":{"cases":15,"deaths":0,"recovered":0,"active":15,"growthFactor":1.875},"2020-1-25":{"cases":28,"deaths":0,"recovered":0,"active":28,"growthFactor":1.8666666666666667},"2020-1-26":{"cases":44,"deaths":0,"recovered":0,"active":44,"growthFactor":1.5714285714285714},"2020-1-27":{"cases":69,"deaths":0,"recovered":0,"active":69,"growthFactor":1.5681818181818181},"2020-1-28":{"cases":90,"deaths":0,"recovered":0,"active":90,"growthFactor":1.3043478260869565},"2020-1-29":{"cases":108,"deaths":1,"recovered":1,"active":106,"growthFactor":1.2},"2020-1-30":{"cases":142,"deaths":1,"recovered":1,"active":140,"growthFactor":1.3148148148148149},"2020-1-31":{"cases":177,"deaths":1,"recovered":1,"active":175,"growthFactor":1.2464788732394365},"2020-2-1":{"cases":207,"deaths":1,"recovered":3,"active":203,"growthFactor":1.1694915254237288},"2020-2-2":{"cases":231,"deaths":1,"recovered":11,"active":219,"growthFactor":1.1159420289855073},"2020-2-3":{"cases":254,"deaths":1,"recovered":14,"active":239,"growthFactor":1.0995670995670996},"2020-2-4":{"cases":282,"deaths":1,"recovered":14,"active":267,"growthFactor":1.110236220472441},"2020-2-5":{"cases":301,"deaths":1,"recovered":24,"active":276,"growthFactor":1.0673758865248226},"2020-2-6":{"cases":321,"deaths":1,"recovered":31,"active":289,"growthFactor":1.0664451827242525},"2020-2-7":{"cases":344,"deaths":1,"recovered":42,"active":301,"growthFactor":1.071651090342679},"2020-2-8":{"cases":364,"deaths":1,"recovered":60,"active":303,"growthFactor":1.058139534883721},"2020-2-9":{"cases":386,"deaths":1,"recovered":71,"active":314,"growthFactor":1.0604395604395604},"2020-2-10":{"cases":405,"deaths":1,"recovered":80,"active":324,"growthFactor":1.049222797927461},"2020-2-11":{"cases":417,"deaths":1,"recovered":85,"active":331,"growthFactor":1.0296296296296297},"2020-2-12":{"cases":436,"deaths":1,"recovered":92,"active":343,"growthFactor":1.0455635491606714},"2020-2-13":{"cases":451,"deaths":1,"recovered":104,"active":346,"growthFactor":1.0344036697247707},"2020-2-14":{"cases":463,"deaths":1,"recovered":114,"active":348,"growthFactor":1.0266075388026608},"2020-2-15":{"cases":470,"deaths":1,"recovered":119,"active":350,"growthFactor":1.0151187904967602},"2020-2-16":{"cases":481,"deaths":3,"recovered":131,"active":347,"growthFactor":1.023404255319149},"2020-2-17":{"cases":495,"deaths":3,"recovered":156,"active":336,"growthFactor":1.029106029106029},"2020-2-18":{"cases":508,"deaths":3,"recovered":169,"active":336,"growthFactor":1.0262626262626262},"2020-2-19":{"cases":514,"deaths":3,"recovered":188,"active":323,"growthFactor":1.0118110236220472},"2020-2-20":{"cases":520,"deaths":3,"recovered":217,"active":300,"growthFactor":1.0116731517509727},"2020-2-21":{"cases":525,"deaths":3,"recovered":231,"active":291,"growthFactor":1.0096153846153846},"2020-2-22":{"cases":526,"deaths":3,"recovered":250,"active":273,"growthFactor":1.0019047619047619},"2020-2-23":{"cases":526,"deaths":3,"recovered":261,"active":262,"growthFactor":1},"2020-2-24":{"cases":527,"deaths":3,"recovered":276,"active":248,"growthFactor":1.0019011406844107},"2020-2-25":{"cases":529,"deaths":3,"recovered":289,"active":237,"growthFactor":1.0037950664136623},"2020-2-26":{"cases":531,"deaths":3,"recovered":307,"active":221,"growthFactor":1.003780718336484},"2020-2-27":{"cases":534,"deaths":3,"recovered":321,"active":210,"growthFactor":1.0056497175141244},"2020-2-28":{"cases":538,"deaths":3,"recovered":338,"active":197,"growthFactor":1.0074906367041199},"2020-2-29":{"cases":538,"deaths":3,"recovered":351,"active":184,"growthFactor":1},"2020-3-1":{"cases":538,"deaths":3,"recovered":365,"active":170,"growthFactor":1},"2020-3-2":{"cases":538,"deaths":3,"recovered":386,"active":149,"growthFactor":1},"2020-3-3":{"cases":538,"deaths":3,"recovered":394,"active":141,"growthFactor":1},"2020-3-4":{"cases":538,"deaths":3,"recovered":406,"active":129,"growthFactor":1},"2020-3-5":{"cases":539,"deaths":3,"recovered":425,"active":111,"growthFactor":1.0018587360594795},"2020-3-6":{"cases":539,"deaths":3,"recovered":442,"active":94,"growthFactor":1},"2020-3-7":{"cases":539,"deaths":3,"recovered":454,"active":82,"growthFactor":1},"2020-3-8":{"cases":539,"deaths":3,"recovered":464,"active":72,"growthFactor":1},"2020-3-9":{"cases":539,"deaths":3,"recovered":466,"active":70,"growthFactor":1},"2020-3-10":{"cases":539,"deaths":3,"recovered":478,"active":58,"growthFactor":1},"2020-3-11":{"cases":539,"deaths":3,"recovered":488,"active":48,"growthFactor":1},"2020-3-12":{"cases":539,"deaths":3,"recovered":498,"active":38,"growthFactor":1},"2020-3-13":{"cases":539,"deaths":3,"recovered":503,"active":33,"growthFactor":1},"2020-3-14":{"cases":539,"deaths":3,"recovered":511,"active":25,"growthFactor":1},"2020-3-15":{"cases":539,"deaths":3,"recovered":516,"active":20,"growthFactor":1},"2020-3-16":{"cases":539,"deaths":3,"recovered":516,"active":20,"growthFactor":1},"2020-3-17":{"cases":540,"deaths":3,"recovered":520,"active":17,"growthFactor":1.0018552875695732},"2020-3-18":{"cases":540,"deaths":3,"recovered":525,"active":12,"growthFactor":1},"2020-3-19":{"cases":540,"deaths":3,"recovered":536,"active":1,"growthFactor":1},"2020-3-20":{"cases":541,"deaths":3,"recovered":536,"active":2,"growthFactor":1.0018518518518518},"2020-3-21":{"cases":542,"deaths":3,"recovered":536,"active":3,"growthFactor":1.0018484288354899},"2020-3-22":{"cases":543,"deaths":3,"recovered":536,"active":4,"growthFactor":1.0018450184501846},"2020-3-23":{"cases":543,"deaths":3,"recovered":536,"active":4,"growthFactor":1},"2020-3-24":{"cases":545,"deaths":3,"growthFactor":1.003683241252302},"2020-3-25":{"cases":547,"deaths":3,"growthFactor":1.003669724770642},"2020-3-26":{"cases":547,"deaths":3,"growthFactor":1},"2020-3-27":{"cases":548,"deaths":3,"growthFactor":1.0018281535648994},"2020-3-28":{"cases":548,"deaths":3,"growthFactor":1},"2020-3-29":{"cases":550,"deaths":3,"growthFactor":1.0036496350364963},"2020-3-30":{"cases":550,"deaths":3,"growthFactor":1},"2020-3-31":{"cases":550,"deaths":3,"growthFactor":1},"2020-4-1":{"cases":0,"deaths":0,"growthFactor":0}},"maintainers":[{"name":"Larry Davis","email":"lazdnet@gmail.com","twitter":"lazdnet","github":"lazd","country":"USA","state":"CA","county":"San Francisco","city":"San Francisco","flag":"🇺🇸"}],"url":"https://github.com/CSSEGISandData/COVID-19","curators":[{"name":"JHU CSSE","url":"https://systems.jhu.edu/research/public-health/ncov/"}],"aggregate":"state","country":"CHN","coordinates":[102.93966535826965,30.165213324835065],"state":"Sichuan","rating":0.5098039215686274,"tz":["Asia/Shanghai"],"featureId":56,"population":83410000}