{"dates":{"2020-2-24":{"cases":0,"deaths":0,"recovered":0,"active":0,"tested":5},"2020-2-25":{"cases":3,"deaths":0,"recovered":0,"active":3,"tested":5,"growthFactor":null},"2020-2-26":{"cases":3,"deaths":0,"recovered":0,"active":3,"tested":5,"growthFactor":1},"2020-2-27":{"cases":4,"deaths":0,"recovered":2,"active":2,"tested":5,"growthFactor":1.3333333333333333},"2020-2-28":{"cases":4,"deaths":0,"recovered":2,"active":2,"tested":5,"growthFactor":1},"2020-2-29":{"cases":4,"deaths":0,"recovered":2,"active":2,"tested":6,"growthFactor":1},"2020-3-1":{"cases":9,"deaths":0,"recovered":2,"active":7,"tested":291,"growthFactor":2.25},"2020-3-2":{"cases":7,"deaths":0,"recovered":2,"active":5,"tested":307,"growthFactor":0.7777777777777778},"2020-3-3":{"cases":7,"deaths":0,"recovered":2,"active":5,"tested":307,"growthFactor":1},"2020-3-4":{"cases":18,"deaths":0,"recovered":2,"active":16,"tested":367,"growthFactor":2.5714285714285716},"2020-3-5":{"cases":18,"deaths":0,"recovered":2,"active":16,"tested":367,"growthFactor":1},"2020-3-6":{"cases":24,"deaths":0,"recovered":2,"active":22,"tested":367,"growthFactor":1.3333333333333333},"2020-3-7":{"cases":35,"deaths":0,"recovered":2,"active":33,"tested":643,"growthFactor":1.4583333333333333},"2020-3-8":{"cases":53,"deaths":0,"recovered":2,"active":51,"tested":791,"growthFactor":1.5142857142857142},"2020-3-9":{"cases":54,"deaths":0,"recovered":2,"active":52,"tested":836,"growthFactor":1.0188679245283019},"2020-3-10":{"cases":62,"deaths":0,"recovered":2,"active":60,"tested":955,"growthFactor":1.1481481481481481},"2020-3-11":{"cases":83,"deaths":0,"recovered":2,"active":81,"tested":1194,"growthFactor":1.3387096774193548},"2020-3-12":{"cases":115,"deaths":2,"recovered":2,"active":111,"tested":1477,"growthFactor":1.3855421686746987},"2020-3-13":{"cases":130,"deaths":2,"recovered":2,"active":126,"tested":1950,"growthFactor":1.1304347826086956},"2020-3-14":{"cases":156,"deaths":2,"recovered":4,"active":150,"tested":2100,"growthFactor":1.2},"2020-3-15":{"cases":188,"deaths":2,"recovered":7,"active":179,"tested":2452,"growthFactor":1.205128205128205},"2020-3-16":{"cases":213,"deaths":2,"recovered":8,"active":203,"tested":2653,"growthFactor":1.1329787234042554},"2020-3-17":{"cases":237,"deaths":3,"recovered":8,"active":226,"tested":2916,"growthFactor":1.1126760563380282},"2020-3-18":{"cases":282,"deaths":3,"recovered":12,"active":267,"tested":3294,"growthFactor":1.1898734177215189},"2020-3-19":{"cases":340,"deaths":4,"recovered":15,"active":321,"tested":3961,"growthFactor":1.2056737588652482},"2020-3-20":{"cases":408,"deaths":4,"recovered":25,"active":379,"tested":4468,"growthFactor":1.2},"2020-3-21":{"cases":490,"deaths":6,"recovered":26,"active":458,"tested":4883,"growthFactor":1.2009803921568627},"2020-3-22":{"cases":630,"deaths":8,"recovered":26,"active":596,"tested":5580,"growthFactor":1.2857142857142858},"2020-3-23":{"cases":721,"deaths":13,"recovered":27,"active":681,"tested":6375,"growthFactor":1.1444444444444444},"2020-3-24":{"cases":846,"deaths":20,"recovered":27,"active":799,"tested":7170,"growthFactor":1.1733703190013869},"2020-3-25":{"cases":994,"deaths":25,"recovered":33,"active":936,"tested":8312,"growthFactor":1.1749408983451537},"2020-3-26":{"cases":1164,"deaths":33,"recovered":36,"active":1095,"tested":9658,"growthFactor":1.1710261569416498},"2020-3-27":{"cases":1250,"deaths":39,"recovered":53,"active":1158,"tested":11079,"growthFactor":1.0738831615120275}},"country":"ITA","url":"https://raw.githubusercontent.com/pcm-dpc/COVID-19/master/dati-regioni/dpc-covid19-ita-regioni.csv","aggregate":"state","state":"Sicilia","rating":0.7058823529411765,"coordinates":[13.78962610516875,37.15296765317062],"tz":["Europe/Rome"],"featureId":333,"population":4999891}