{"dates":{"2020-1-22":{"cases":0,"deaths":0,"recovered":0,"active":0},"2020-1-23":{"cases":2,"deaths":0,"recovered":0,"active":2,"growthFactor":null},"2020-1-24":{"cases":2,"deaths":0,"recovered":0,"active":2,"growthFactor":1},"2020-1-25":{"cases":3,"deaths":0,"recovered":0,"active":3,"growthFactor":1.5},"2020-1-26":{"cases":4,"deaths":0,"recovered":0,"active":4,"growthFactor":1.3333333333333333},"2020-1-27":{"cases":5,"deaths":0,"recovered":0,"active":5,"growthFactor":1.25},"2020-1-28":{"cases":10,"deaths":0,"recovered":0,"active":10,"growthFactor":2},"2020-1-29":{"cases":13,"deaths":0,"recovered":0,"active":13,"growthFactor":1.3},"2020-1-30":{"cases":14,"deaths":0,"recovered":0,"active":14,"growthFactor":1.0769230769230769},"2020-1-31":{"cases":17,"deaths":0,"recovered":0,"active":17,"growthFactor":1.2142857142857142},"2020-2-1":{"cases":18,"deaths":0,"recovered":0,"active":18,"growthFactor":1.0588235294117647},"2020-2-2":{"cases":21,"deaths":0,"recovered":0,"active":21,"growthFactor":1.1666666666666667},"2020-2-3":{"cases":24,"deaths":0,"recovered":0,"active":24,"growthFactor":1.1428571428571428},"2020-2-4":{"cases":29,"deaths":0,"recovered":0,"active":29,"growthFactor":1.2083333333333333},"2020-2-5":{"cases":32,"deaths":0,"recovered":0,"active":32,"growthFactor":1.103448275862069},"2020-2-6":{"cases":36,"deaths":0,"recovered":0,"active":36,"growthFactor":1.125},"2020-2-7":{"cases":39,"deaths":0,"recovered":0,"active":39,"growthFactor":1.0833333333333333},"2020-2-8":{"cases":42,"deaths":0,"recovered":0,"active":42,"growthFactor":1.0769230769230769},"2020-2-9":{"cases":45,"deaths":0,"recovered":0,"active":45,"growthFactor":1.0714285714285714},"2020-2-10":{"cases":49,"deaths":0,"recovered":0,"active":49,"growthFactor":1.0888888888888888},"2020-2-11":{"cases":55,"deaths":0,"recovered":3,"active":52,"growthFactor":1.1224489795918366},"2020-2-12":{"cases":59,"deaths":0,"recovered":3,"active":56,"growthFactor":1.0727272727272728},"2020-2-13":{"cases":63,"deaths":1,"recovered":6,"active":56,"growthFactor":1.0677966101694916},"2020-2-14":{"cases":65,"deaths":1,"recovered":6,"active":58,"growthFactor":1.0317460317460319},"2020-2-15":{"cases":70,"deaths":1,"recovered":10,"active":59,"growthFactor":1.0769230769230769},"2020-2-16":{"cases":71,"deaths":1,"recovered":12,"active":58,"growthFactor":1.0142857142857142},"2020-2-17":{"cases":75,"deaths":1,"recovered":12,"active":62,"growthFactor":1.056338028169014},"2020-2-18":{"cases":76,"deaths":1,"recovered":12,"active":63,"growthFactor":1.0133333333333334},"2020-2-19":{"cases":76,"deaths":1,"recovered":20,"active":55,"growthFactor":1},"2020-2-20":{"cases":76,"deaths":1,"recovered":22,"active":53,"growthFactor":1},"2020-2-21":{"cases":76,"deaths":1,"recovered":24,"active":51,"growthFactor":1},"2020-2-22":{"cases":76,"deaths":2,"recovered":25,"active":49,"growthFactor":1},"2020-2-23":{"cases":76,"deaths":2,"recovered":28,"active":46,"growthFactor":1},"2020-2-24":{"cases":76,"deaths":2,"recovered":30,"active":44,"growthFactor":1},"2020-2-25":{"cases":76,"deaths":2,"recovered":30,"active":44,"growthFactor":1},"2020-2-26":{"cases":76,"deaths":2,"recovered":34,"active":40,"growthFactor":1},"2020-2-27":{"cases":76,"deaths":2,"recovered":43,"active":31,"growthFactor":1},"2020-2-28":{"cases":76,"deaths":3,"recovered":52,"active":21,"growthFactor":1},"2020-2-29":{"cases":76,"deaths":3,"recovered":62,"active":11,"growthFactor":1},"2020-3-1":{"cases":76,"deaths":3,"recovered":64,"active":9,"growthFactor":1},"2020-3-2":{"cases":76,"deaths":3,"recovered":66,"active":7,"growthFactor":1},"2020-3-3":{"cases":76,"deaths":3,"recovered":68,"active":5,"growthFactor":1},"2020-3-4":{"cases":76,"deaths":3,"recovered":69,"active":4,"growthFactor":1},"2020-3-5":{"cases":76,"deaths":3,"recovered":70,"active":3,"growthFactor":1},"2020-3-6":{"cases":76,"deaths":3,"recovered":71,"active":2,"growthFactor":1},"2020-3-7":{"cases":76,"deaths":3,"recovered":72,"active":1,"growthFactor":1},"2020-3-8":{"cases":76,"deaths":3,"recovered":73,"active":0,"growthFactor":1},"2020-3-9":{"cases":76,"deaths":3,"recovered":73,"active":0,"growthFactor":1},"2020-3-10":{"cases":76,"deaths":3,"recovered":73,"active":0,"growthFactor":1},"2020-3-11":{"cases":76,"deaths":3,"recovered":73,"active":0,"growthFactor":1},"2020-3-12":{"cases":76,"deaths":3,"recovered":73,"active":0,"growthFactor":1},"2020-3-13":{"cases":76,"deaths":3,"recovered":73,"active":0,"growthFactor":1},"2020-3-14":{"cases":76,"deaths":3,"recovered":73,"active":0,"growthFactor":1},"2020-3-15":{"cases":76,"deaths":3,"recovered":73,"active":0,"growthFactor":1},"2020-3-16":{"cases":76,"deaths":3,"recovered":73,"active":0,"growthFactor":1},"2020-3-17":{"cases":76,"deaths":3,"recovered":73,"active":0,"growthFactor":1},"2020-3-18":{"cases":76,"deaths":3,"recovered":73,"active":0,"growthFactor":1},"2020-3-19":{"cases":76,"deaths":3,"recovered":73,"active":0,"growthFactor":1},"2020-3-20":{"cases":76,"deaths":3,"recovered":73,"active":0,"growthFactor":1},"2020-3-21":{"cases":76,"deaths":3,"recovered":73,"active":0,"growthFactor":1},"2020-3-22":{"cases":76,"deaths":3,"recovered":73,"active":0,"growthFactor":1},"2020-3-23":{"cases":76,"deaths":3,"recovered":73,"active":0,"growthFactor":1},"2020-3-24":{"cases":76,"deaths":3,"growthFactor":1},"2020-3-25":{"cases":76,"deaths":3,"growthFactor":1},"2020-3-26":{"cases":76,"deaths":3,"growthFactor":1},"2020-3-27":{"cases":76,"deaths":3,"growthFactor":1},"2020-3-28":{"cases":76,"deaths":3,"growthFactor":1}},"maintainers":[{"name":"Larry Davis","email":"lazdnet@gmail.com","twitter":"lazdnet","github":"lazd","country":"USA","state":"CA","county":"San Francisco","city":"San Francisco","flag":"🇺🇸"}],"url":"https://github.com/CSSEGISandData/COVID-19","curators":[{"name":"JHU CSSE","url":"https://systems.jhu.edu/research/public-health/ncov/"}],"aggregate":"state","country":"CHN","coordinates":[84.98429810398284,41.752899103285706],"state":"Xinjiang","rating":0.5098039215686274,"tz":["Asia/Urumqi","Asia/Shanghai"],"featureId":60,"population":24870000}