{"dates":{"2020-2-27":{"cases":0,"deaths":0,"recovered":0,"active":0},"2020-2-28":{"cases":0,"deaths":0,"recovered":0,"active":0,"growthFactor":null},"2020-2-29":{"cases":0,"deaths":0,"recovered":0,"active":0,"growthFactor":null},"2020-3-1":{"cases":4,"deaths":0,"recovered":0,"active":4,"growthFactor":null},"2020-3-2":{"cases":6,"deaths":0,"recovered":0,"active":6,"growthFactor":1.5},"2020-3-3":{"cases":6,"deaths":0,"recovered":0,"active":6,"growthFactor":1},"2020-3-4":{"cases":6,"deaths":0,"recovered":0,"active":6,"growthFactor":1},"2020-3-5":{"cases":6,"deaths":0,"recovered":0,"active":6,"growthFactor":1},"2020-3-6":{"cases":6,"deaths":0,"recovered":0,"active":6,"growthFactor":1},"2020-3-7":{"cases":6,"deaths":0,"recovered":0,"active":6,"growthFactor":1},"2020-3-8":{"cases":6,"deaths":0,"recovered":0,"active":6,"growthFactor":1},"2020-3-9":{"cases":7,"deaths":0,"recovered":0,"active":7,"growthFactor":1.1666666666666667},"2020-3-10":{"cases":8,"deaths":0,"recovered":0,"active":8,"growthFactor":1.1428571428571428},"2020-3-11":{"cases":9,"deaths":0,"recovered":0,"active":9,"growthFactor":1.125},"2020-3-12":{"cases":19,"deaths":1,"recovered":0,"active":18,"growthFactor":2.111111111111111},"2020-3-13":{"cases":39,"deaths":1,"recovered":0,"active":38,"growthFactor":2.0526315789473686},"2020-3-14":{"cases":66,"deaths":2,"recovered":0,"active":64,"growthFactor":1.6923076923076923},"2020-3-15":{"cases":95,"deaths":2,"recovered":0,"active":93,"growthFactor":1.4393939393939394},"2020-3-16":{"cases":111,"deaths":2,"recovered":4,"active":105,"growthFactor":1.168421052631579},"2020-3-17":{"cases":153,"deaths":3,"recovered":5,"active":145,"growthFactor":1.3783783783783783},"2020-3-18":{"cases":194,"deaths":6,"recovered":6,"active":182,"growthFactor":1.2679738562091503},"2020-3-19":{"cases":241,"deaths":8,"recovered":6,"active":227,"growthFactor":1.2422680412371134},"2020-3-20":{"cases":297,"deaths":10,"recovered":7,"active":280,"growthFactor":1.2323651452282158},"2020-3-21":{"cases":354,"deaths":12,"recovered":8,"active":334,"growthFactor":1.1919191919191918},"2020-3-22":{"cases":384,"deaths":14,"recovered":8,"active":362,"growthFactor":1.0847457627118644},"2020-3-23":{"cases":493,"deaths":18,"recovered":6,"active":469,"growthFactor":1.2838541666666667},"2020-3-24":{"cases":636,"deaths":26,"recovered":8,"active":602,"growthFactor":1.2900608519269776},"2020-3-25":{"cases":742,"deaths":39,"recovered":8,"active":695,"growthFactor":1.1666666666666667},"2020-3-26":{"cases":969,"deaths":58,"recovered":24,"active":887,"growthFactor":1.3059299191374663}},"country":"ESP","url":"https://github.com/datadista/datasets/tree/master/COVID%2019","aggregate":"state","sources":[{"name":"cases","url":"https://raw.githubusercontent.com/datadista/datasets/master/COVID%2019/ccaa_covid19_casos.csv","description":"Cases by date and community"},{"name":"recovered","url":"https://raw.githubusercontent.com/datadista/datasets/master/COVID%2019/ccaa_covid19_altas.csv","description":"Recoveries by date and community"},{"name":"deaths","url":"https://raw.githubusercontent.com/datadista/datasets/master/COVID%2019/ccaa_covid19_fallecidos.csv","description":"Deaths by date and community"}],"curators":[{"name":"Antonio Delgado","url":"https://datadista.com/","twitter":"@adelgado","github":"adelgadob"}],"maintainers":[{"name":"Herb Caudill","url":"https://devresults.com","twitter":"@herbcaudill","github":"herbcaudill"}],"state":"Extremadura","rating":0.5882352941176471,"coordinates":[-6.096301,39.213814],"tz":["Europe/Madrid"],"featureId":264,"population":1062797}