{"dates":{"2020-2-24":{"cases":0,"deaths":0,"recovered":0,"active":0},"2020-2-25":{"cases":0,"deaths":0,"recovered":0,"active":0,"growthFactor":null},"2020-2-26":{"cases":0,"deaths":0,"recovered":0,"active":0,"growthFactor":null},"2020-2-27":{"cases":0,"deaths":0,"recovered":0,"active":0,"growthFactor":null},"2020-2-28":{"cases":0,"deaths":0,"recovered":0,"active":0,"growthFactor":null},"2020-2-29":{"cases":0,"deaths":0,"recovered":0,"active":0,"growthFactor":null},"2020-3-1":{"cases":6,"deaths":0,"recovered":0,"active":6,"growthFactor":null},"2020-3-2":{"cases":9,"deaths":0,"recovered":0,"active":9,"growthFactor":1.5},"2020-3-3":{"cases":13,"deaths":0,"recovered":0,"active":13,"growthFactor":1.4444444444444444},"2020-3-4":{"cases":18,"deaths":0,"recovered":0,"active":18,"growthFactor":1.3846153846153846},"2020-3-5":{"cases":21,"deaths":0,"recovered":0,"active":21,"growthFactor":1.1666666666666667},"2020-3-6":{"cases":31,"deaths":0,"recovered":3,"active":28,"growthFactor":1.4761904761904763},"2020-3-7":{"cases":42,"deaths":0,"recovered":3,"active":39,"growthFactor":1.3548387096774193},"2020-3-8":{"cases":57,"deaths":1,"recovered":3,"active":53,"growthFactor":1.3571428571428572},"2020-3-9":{"cases":93,"deaths":1,"recovered":3,"active":89,"growthFactor":1.631578947368421},"2020-3-10":{"cases":116,"deaths":3,"recovered":3,"active":110,"growthFactor":1.2473118279569892},"2020-3-11":{"cases":126,"deaths":6,"recovered":10,"active":110,"growthFactor":1.0862068965517242},"2020-3-12":{"cases":167,"deaths":8,"recovered":11,"active":148,"growthFactor":1.3253968253968254},"2020-3-13":{"cases":257,"deaths":10,"recovered":11,"active":236,"growthFactor":1.5389221556886228},"2020-3-14":{"cases":301,"deaths":13,"recovered":17,"active":271,"growthFactor":1.171206225680934},"2020-3-15":{"cases":347,"deaths":14,"recovered":17,"active":316,"growthFactor":1.1528239202657806},"2020-3-16":{"cases":386,"deaths":22,"recovered":18,"active":346,"growthFactor":1.1123919308357348},"2020-3-17":{"cases":394,"deaths":30,"recovered":17,"active":347,"growthFactor":1.0207253886010363},"2020-3-18":{"cases":462,"deaths":31,"recovered":15,"active":416,"growthFactor":1.1725888324873097},"2020-3-19":{"cases":599,"deaths":36,"recovered":41,"active":522,"growthFactor":1.2965367965367964},"2020-3-20":{"cases":656,"deaths":38,"recovered":63,"active":555,"growthFactor":1.0951585976627713},"2020-3-21":{"cases":790,"deaths":42,"recovered":82,"active":666,"growthFactor":1.204268292682927},"2020-3-22":{"cases":874,"deaths":47,"recovered":89,"active":738,"growthFactor":1.1063291139240505},"2020-3-23":{"cases":930,"deaths":54,"recovered":105,"active":771,"growthFactor":1.0640732265446224},"2020-3-24":{"cases":992,"deaths":64,"recovered":80,"active":848,"growthFactor":1.0666666666666667},"2020-3-25":{"cases":1139,"deaths":70,"recovered":158,"active":911,"growthFactor":1.1481854838709677},"2020-3-26":{"cases":1223,"deaths":72,"recovered":197,"active":954,"growthFactor":1.0737489025460931}},"country":"ITA","url":"https://raw.githubusercontent.com/pcm-dpc/COVID-19/master/dati-regioni/dpc-covid19-ita-regioni.csv","aggregate":"state","state":"Friuli Venezia Giulia","rating":0.6274509803921569,"coordinates":[13.120408018720507,46.11416103259626],"tz":["Europe/Rome"],"featureId":323,"population":1215220}