{"dates":{"2020-1-22":{"cases":0,"deaths":0,"recovered":0,"active":0},"2020-1-23":{"cases":0,"deaths":0,"recovered":0,"active":0,"growthFactor":null},"2020-1-24":{"cases":1,"deaths":0,"recovered":0,"active":1,"growthFactor":null},"2020-1-25":{"cases":7,"deaths":0,"recovered":0,"active":7,"growthFactor":7},"2020-1-26":{"cases":7,"deaths":0,"recovered":0,"active":7,"growthFactor":1},"2020-1-27":{"cases":11,"deaths":0,"recovered":0,"active":11,"growthFactor":1.5714285714285714},"2020-1-28":{"cases":15,"deaths":0,"recovered":0,"active":15,"growthFactor":1.3636363636363635},"2020-1-29":{"cases":16,"deaths":0,"recovered":0,"active":16,"growthFactor":1.0666666666666667},"2020-1-30":{"cases":19,"deaths":0,"recovered":0,"active":19,"growthFactor":1.1875},"2020-1-31":{"cases":20,"deaths":0,"recovered":1,"active":19,"growthFactor":1.0526315789473684},"2020-2-1":{"cases":23,"deaths":0,"recovered":1,"active":22,"growthFactor":1.15},"2020-2-2":{"cases":27,"deaths":0,"recovered":1,"active":26,"growthFactor":1.173913043478261},"2020-2-3":{"cases":34,"deaths":0,"recovered":1,"active":33,"growthFactor":1.2592592592592593},"2020-2-4":{"cases":35,"deaths":0,"recovered":1,"active":34,"growthFactor":1.0294117647058822},"2020-2-5":{"cases":42,"deaths":0,"recovered":3,"active":39,"growthFactor":1.2},"2020-2-6":{"cases":46,"deaths":0,"recovered":4,"active":42,"growthFactor":1.0952380952380953},"2020-2-7":{"cases":50,"deaths":0,"recovered":5,"active":45,"growthFactor":1.0869565217391304},"2020-2-8":{"cases":52,"deaths":0,"recovered":5,"active":47,"growthFactor":1.04},"2020-2-9":{"cases":54,"deaths":0,"recovered":5,"active":49,"growthFactor":1.0384615384615385},"2020-2-10":{"cases":58,"deaths":0,"recovered":5,"active":53,"growthFactor":1.0740740740740742},"2020-2-11":{"cases":58,"deaths":0,"recovered":5,"active":53,"growthFactor":1},"2020-2-12":{"cases":60,"deaths":0,"recovered":6,"active":54,"growthFactor":1.0344827586206897},"2020-2-13":{"cases":61,"deaths":0,"recovered":6,"active":55,"growthFactor":1.0166666666666666},"2020-2-14":{"cases":65,"deaths":0,"recovered":6,"active":59,"growthFactor":1.0655737704918034},"2020-2-15":{"cases":68,"deaths":0,"recovered":7,"active":61,"growthFactor":1.0461538461538462},"2020-2-16":{"cases":70,"deaths":0,"recovered":8,"active":62,"growthFactor":1.0294117647058822},"2020-2-17":{"cases":72,"deaths":0,"recovered":8,"active":64,"growthFactor":1.0285714285714285},"2020-2-18":{"cases":73,"deaths":0,"recovered":8,"active":65,"growthFactor":1.0138888888888888},"2020-2-19":{"cases":75,"deaths":0,"recovered":10,"active":65,"growthFactor":1.0273972602739727},"2020-2-20":{"cases":75,"deaths":0,"recovered":16,"active":59,"growthFactor":1},"2020-2-21":{"cases":75,"deaths":0,"recovered":17,"active":58,"growthFactor":1},"2020-2-22":{"cases":75,"deaths":0,"recovered":26,"active":49,"growthFactor":1},"2020-2-23":{"cases":75,"deaths":0,"recovered":27,"active":48,"growthFactor":1},"2020-2-24":{"cases":75,"deaths":0,"recovered":34,"active":41,"growthFactor":1},"2020-2-25":{"cases":75,"deaths":0,"recovered":35,"active":40,"growthFactor":1},"2020-2-26":{"cases":75,"deaths":0,"recovered":38,"active":37,"growthFactor":1},"2020-2-27":{"cases":75,"deaths":0,"recovered":43,"active":32,"growthFactor":1},"2020-2-28":{"cases":75,"deaths":0,"recovered":45,"active":30,"growthFactor":1},"2020-2-29":{"cases":75,"deaths":0,"recovered":49,"active":26,"growthFactor":1},"2020-3-1":{"cases":75,"deaths":0,"recovered":52,"active":23,"growthFactor":1},"2020-3-2":{"cases":75,"deaths":0,"recovered":54,"active":21,"growthFactor":1},"2020-3-3":{"cases":75,"deaths":1,"recovered":59,"active":15,"growthFactor":1},"2020-3-4":{"cases":75,"deaths":1,"recovered":63,"active":11,"growthFactor":1},"2020-3-5":{"cases":75,"deaths":1,"recovered":65,"active":9,"growthFactor":1},"2020-3-6":{"cases":75,"deaths":1,"recovered":65,"active":9,"growthFactor":1},"2020-3-7":{"cases":75,"deaths":1,"recovered":67,"active":7,"growthFactor":1},"2020-3-8":{"cases":75,"deaths":1,"recovered":70,"active":4,"growthFactor":1},"2020-3-9":{"cases":75,"deaths":1,"recovered":70,"active":4,"growthFactor":1},"2020-3-10":{"cases":75,"deaths":1,"recovered":70,"active":4,"growthFactor":1},"2020-3-11":{"cases":75,"deaths":1,"recovered":71,"active":3,"growthFactor":1},"2020-3-12":{"cases":75,"deaths":1,"recovered":71,"active":3,"growthFactor":1},"2020-3-13":{"cases":75,"deaths":1,"recovered":71,"active":3,"growthFactor":1},"2020-3-14":{"cases":75,"deaths":1,"recovered":71,"active":3,"growthFactor":1},"2020-3-15":{"cases":75,"deaths":1,"recovered":71,"active":3,"growthFactor":1},"2020-3-16":{"cases":75,"deaths":1,"recovered":73,"active":1,"growthFactor":1},"2020-3-17":{"cases":75,"deaths":1,"recovered":73,"active":1,"growthFactor":1},"2020-3-18":{"cases":75,"deaths":1,"recovered":73,"active":1,"growthFactor":1},"2020-3-19":{"cases":75,"deaths":1,"recovered":74,"active":0,"growthFactor":1},"2020-3-20":{"cases":75,"deaths":1,"recovered":74,"active":0,"growthFactor":1},"2020-3-21":{"cases":75,"deaths":1,"recovered":74,"active":0,"growthFactor":1},"2020-3-22":{"cases":75,"deaths":1,"recovered":74,"active":0,"growthFactor":1},"2020-3-23":{"cases":75,"deaths":1,"recovered":74,"active":0,"growthFactor":1},"2020-3-24":{"cases":75,"deaths":1,"growthFactor":1},"2020-3-25":{"cases":77,"deaths":1,"growthFactor":1.0266666666666666},"2020-3-26":{"cases":89,"deaths":1,"growthFactor":1.155844155844156}},"maintainers":[{"name":"Larry Davis","email":"lazdnet@gmail.com","twitter":"lazdnet","github":"lazd","country":"USA","state":"CA","county":"San Francisco","city":"San Francisco","flag":"🇺🇸"}],"url":"https://github.com/CSSEGISandData/COVID-19","aggregate":"state","country":"CHN","coordinates":[111.62347220837569,45.35383134546877],"state":"Inner Mongolia","rating":0.5098039215686274,"tz":["Asia/Ulaanbaatar"],"featureId":45,"population":25000034}