{"dates":{"2020-2-27":{"cases":1,"deaths":0,"recovered":0,"active":1},"2020-2-28":{"cases":6,"deaths":0,"recovered":0,"active":6,"growthFactor":6},"2020-2-29":{"cases":8,"deaths":0,"recovered":0,"active":8,"growthFactor":1.3333333333333333},"2020-3-1":{"cases":12,"deaths":0,"recovered":0,"active":12,"growthFactor":1.5},"2020-3-2":{"cases":12,"deaths":0,"recovered":0,"active":12,"growthFactor":1},"2020-3-3":{"cases":13,"deaths":0,"recovered":0,"active":13,"growthFactor":1.0833333333333333},"2020-3-4":{"cases":13,"deaths":0,"recovered":0,"active":13,"growthFactor":1},"2020-3-5":{"cases":12,"deaths":0,"recovered":0,"active":12,"growthFactor":0.9230769230769231},"2020-3-6":{"cases":21,"deaths":0,"recovered":0,"active":21,"growthFactor":1.75},"2020-3-7":{"cases":27,"deaths":0,"recovered":0,"active":27,"growthFactor":1.2857142857142858},"2020-3-8":{"cases":35,"deaths":0,"recovered":0,"active":35,"growthFactor":1.2962962962962963},"2020-3-9":{"cases":54,"deaths":0,"recovered":0,"active":54,"growthFactor":1.542857142857143},"2020-3-10":{"cases":71,"deaths":0,"recovered":0,"active":71,"growthFactor":1.3148148148148149},"2020-3-11":{"cases":90,"deaths":0,"recovered":0,"active":90,"growthFactor":1.267605633802817},"2020-3-12":{"cases":115,"deaths":0,"recovered":0,"active":115,"growthFactor":1.2777777777777777},"2020-3-13":{"cases":219,"deaths":0,"recovered":0,"active":219,"growthFactor":1.9043478260869566},"2020-3-14":{"cases":269,"deaths":2,"recovered":0,"active":267,"growthFactor":1.2283105022831051},"2020-3-15":{"cases":437,"deaths":6,"recovered":0,"active":431,"growthFactor":1.6245353159851301},"2020-3-16":{"cases":554,"deaths":7,"recovered":0,"active":547,"growthFactor":1.2677345537757436},"2020-3-17":{"cases":683,"deaths":11,"recovered":0,"active":672,"growthFactor":1.2328519855595668},"2020-3-18":{"cases":859,"deaths":19,"recovered":38,"active":802,"growthFactor":1.2576866764275256},"2020-3-19":{"cases":1008,"deaths":23,"recovered":33,"active":952,"growthFactor":1.1734575087310826},"2020-3-20":{"cases":1287,"deaths":30,"recovered":72,"active":1185,"growthFactor":1.2767857142857142},"2020-3-21":{"cases":1515,"deaths":40,"recovered":72,"active":1403,"growthFactor":1.1771561771561772},"2020-3-22":{"cases":1725,"deaths":47,"recovered":38,"active":1640,"growthFactor":1.1386138613861385},"2020-3-23":{"cases":1961,"deaths":58,"recovered":50,"active":1853,"growthFactor":1.1368115942028985},"2020-3-24":{"cases":2471,"deaths":87,"recovered":66,"active":2318,"growthFactor":1.2600713921468638},"2020-3-25":{"cases":3010,"deaths":113,"recovered":71,"active":2826,"growthFactor":1.2181303116147308}},"country":"ESP","url":"https://github.com/datadista/datasets/tree/master/COVID%2019","aggregate":"state","sources":[{"name":"cases","url":"https://raw.githubusercontent.com/datadista/datasets/master/COVID%2019/ccaa_covid19_casos.csv","description":"Cases by date and community"},{"name":"recovered","url":"https://raw.githubusercontent.com/datadista/datasets/master/COVID%2019/ccaa_covid19_altas.csv","description":"Recoveries by date and community"},{"name":"deaths","url":"https://raw.githubusercontent.com/datadista/datasets/master/COVID%2019/ccaa_covid19_fallecidos.csv","description":"Deaths by date and community"}],"curators":[{"name":"Antonio Delgado","url":"https://datadista.com/","twitter":"@adelgado","github":"adelgadob"}],"maintainers":[{"name":"Herb Caudill","url":"https://devresults.com","twitter":"@herbcaudill","github":"herbcaudill"}],"state":"Andalucía","rating":0.5882352941176471,"coordinates":[-4.576799,37.332145999999995],"tz":["Europe/Madrid"],"featureId":256,"population":8446561}