{"dates":{"2020-1-22":{"cases":2,"deaths":0,"recovered":0,"active":2},"2020-1-23":{"cases":5,"deaths":0,"recovered":0,"active":5,"growthFactor":2.5},"2020-1-24":{"cases":23,"deaths":0,"recovered":0,"active":23,"growthFactor":4.6},"2020-1-25":{"cases":23,"deaths":0,"recovered":0,"active":23,"growthFactor":1},"2020-1-26":{"cases":36,"deaths":0,"recovered":0,"active":36,"growthFactor":1.565217391304348},"2020-1-27":{"cases":46,"deaths":0,"recovered":0,"active":46,"growthFactor":1.2777777777777777},"2020-1-28":{"cases":51,"deaths":0,"recovered":2,"active":49,"growthFactor":1.108695652173913},"2020-1-29":{"cases":58,"deaths":0,"recovered":2,"active":56,"growthFactor":1.1372549019607843},"2020-1-30":{"cases":78,"deaths":0,"recovered":2,"active":76,"growthFactor":1.3448275862068966},"2020-1-31":{"cases":87,"deaths":0,"recovered":2,"active":85,"growthFactor":1.1153846153846154},"2020-2-1":{"cases":100,"deaths":0,"recovered":2,"active":98,"growthFactor":1.1494252873563218},"2020-2-2":{"cases":111,"deaths":0,"recovered":2,"active":109,"growthFactor":1.11},"2020-2-3":{"cases":127,"deaths":0,"recovered":7,"active":120,"growthFactor":1.1441441441441442},"2020-2-4":{"cases":139,"deaths":0,"recovered":10,"active":129,"growthFactor":1.094488188976378},"2020-2-5":{"cases":150,"deaths":0,"recovered":13,"active":137,"growthFactor":1.079136690647482},"2020-2-6":{"cases":168,"deaths":0,"recovered":14,"active":154,"growthFactor":1.12},"2020-2-7":{"cases":172,"deaths":0,"recovered":17,"active":155,"growthFactor":1.0238095238095237},"2020-2-8":{"cases":183,"deaths":0,"recovered":17,"active":166,"growthFactor":1.063953488372093},"2020-2-9":{"cases":195,"deaths":1,"recovered":18,"active":176,"growthFactor":1.0655737704918034},"2020-2-10":{"cases":210,"deaths":1,"recovered":24,"active":185,"growthFactor":1.0769230769230769},"2020-2-11":{"cases":215,"deaths":1,"recovered":33,"active":181,"growthFactor":1.0238095238095237},"2020-2-12":{"cases":222,"deaths":1,"recovered":32,"active":189,"growthFactor":1.0325581395348837},"2020-2-13":{"cases":222,"deaths":2,"recovered":33,"active":187,"growthFactor":1},"2020-2-14":{"cases":226,"deaths":2,"recovered":36,"active":188,"growthFactor":1.018018018018018},"2020-2-15":{"cases":235,"deaths":2,"recovered":44,"active":189,"growthFactor":1.0398230088495575},"2020-2-16":{"cases":237,"deaths":2,"recovered":49,"active":186,"growthFactor":1.0085106382978724},"2020-2-17":{"cases":238,"deaths":2,"recovered":53,"active":183,"growthFactor":1.0042194092827004},"2020-2-18":{"cases":242,"deaths":2,"recovered":69,"active":171,"growthFactor":1.0168067226890756},"2020-2-19":{"cases":244,"deaths":2,"recovered":86,"active":156,"growthFactor":1.0082644628099173},"2020-2-20":{"cases":245,"deaths":2,"recovered":90,"active":153,"growthFactor":1.0040983606557377},"2020-2-21":{"cases":246,"deaths":2,"recovered":97,"active":147,"growthFactor":1.0040816326530613},"2020-2-22":{"cases":249,"deaths":2,"recovered":104,"active":143,"growthFactor":1.0121951219512195},"2020-2-23":{"cases":249,"deaths":2,"recovered":106,"active":141,"growthFactor":1},"2020-2-24":{"cases":251,"deaths":2,"recovered":112,"active":137,"growthFactor":1.0080321285140563},"2020-2-25":{"cases":252,"deaths":2,"recovered":134,"active":116,"growthFactor":1.00398406374502},"2020-2-26":{"cases":252,"deaths":2,"recovered":147,"active":103,"growthFactor":1},"2020-2-27":{"cases":252,"deaths":2,"recovered":161,"active":89,"growthFactor":1},"2020-2-28":{"cases":252,"deaths":2,"recovered":168,"active":82,"growthFactor":1},"2020-2-29":{"cases":252,"deaths":2,"recovered":176,"active":74,"growthFactor":1},"2020-3-1":{"cases":252,"deaths":2,"recovered":181,"active":69,"growthFactor":1},"2020-3-2":{"cases":252,"deaths":2,"recovered":192,"active":58,"growthFactor":1},"2020-3-3":{"cases":252,"deaths":2,"recovered":202,"active":48,"growthFactor":1},"2020-3-4":{"cases":252,"deaths":2,"recovered":210,"active":40,"growthFactor":1},"2020-3-5":{"cases":252,"deaths":2,"recovered":214,"active":36,"growthFactor":1},"2020-3-6":{"cases":252,"deaths":2,"recovered":217,"active":33,"growthFactor":1},"2020-3-7":{"cases":252,"deaths":2,"recovered":218,"active":32,"growthFactor":1},"2020-3-8":{"cases":252,"deaths":2,"recovered":223,"active":27,"growthFactor":1},"2020-3-9":{"cases":252,"deaths":2,"recovered":230,"active":20,"growthFactor":1},"2020-3-10":{"cases":252,"deaths":2,"recovered":234,"active":16,"growthFactor":1},"2020-3-11":{"cases":252,"deaths":2,"recovered":238,"active":12,"growthFactor":1},"2020-3-12":{"cases":252,"deaths":2,"recovered":241,"active":9,"growthFactor":1},"2020-3-13":{"cases":252,"deaths":2,"recovered":243,"active":7,"growthFactor":1},"2020-3-14":{"cases":252,"deaths":2,"recovered":243,"active":7,"growthFactor":1},"2020-3-15":{"cases":252,"deaths":2,"recovered":243,"active":7,"growthFactor":1},"2020-3-16":{"cases":252,"deaths":2,"recovered":248,"active":2,"growthFactor":1},"2020-3-17":{"cases":253,"deaths":2,"recovered":248,"active":3,"growthFactor":1.003968253968254},"2020-3-18":{"cases":253,"deaths":2,"recovered":250,"active":1,"growthFactor":1},"2020-3-19":{"cases":253,"deaths":2,"recovered":250,"active":1,"growthFactor":1},"2020-3-20":{"cases":254,"deaths":2,"recovered":250,"active":2,"growthFactor":1.0039525691699605},"2020-3-21":{"cases":254,"deaths":2,"recovered":250,"active":2,"growthFactor":1},"2020-3-22":{"cases":254,"deaths":2,"recovered":250,"active":2,"growthFactor":1},"2020-3-23":{"cases":254,"deaths":2,"recovered":250,"active":2,"growthFactor":1},"2020-3-24":{"cases":254,"deaths":2,"recovered":250,"active":2,"growthFactor":1},"2020-3-25":{"cases":254,"deaths":2,"growthFactor":1}},"maintainers":[{"name":"Larry Davis","email":"lazdnet@gmail.com","twitter":"lazdnet","github":"lazd","country":"USA","state":"CA","county":"San Francisco","city":"San Francisco","flag":"🇺🇸"}],"url":"https://github.com/CSSEGISandData/COVID-19","aggregate":"state","country":"CHN","coordinates":[108.27096784823755,23.899949245349177],"state":"Guangxi","rating":0.5098039215686274,"tz":["Asia/Shanghai"],"featureId":36,"population":49260000}