{"dates":{"2020-1-22":{"cases":4,"deaths":0,"recovered":0,"active":4},"2020-1-23":{"cases":9,"deaths":0,"recovered":0,"active":9,"growthFactor":2.25},"2020-1-24":{"cases":24,"deaths":0,"recovered":0,"active":24,"growthFactor":2.6666666666666665},"2020-1-25":{"cases":43,"deaths":0,"recovered":0,"active":43,"growthFactor":1.7916666666666667},"2020-1-26":{"cases":69,"deaths":0,"recovered":0,"active":69,"growthFactor":1.6046511627906976},"2020-1-27":{"cases":100,"deaths":0,"recovered":0,"active":100,"growthFactor":1.4492753623188406},"2020-1-28":{"cases":143,"deaths":0,"recovered":0,"active":143,"growthFactor":1.43},"2020-1-29":{"cases":221,"deaths":0,"recovered":0,"active":221,"growthFactor":1.5454545454545454},"2020-1-30":{"cases":277,"deaths":0,"recovered":2,"active":275,"growthFactor":1.253393665158371},"2020-1-31":{"cases":332,"deaths":0,"recovered":2,"active":330,"growthFactor":1.1985559566787003},"2020-2-1":{"cases":389,"deaths":0,"recovered":8,"active":381,"growthFactor":1.1716867469879517},"2020-2-2":{"cases":463,"deaths":0,"recovered":16,"active":447,"growthFactor":1.1902313624678664},"2020-2-3":{"cases":521,"deaths":0,"recovered":22,"active":499,"growthFactor":1.125269978401728},"2020-2-4":{"cases":593,"deaths":0,"recovered":31,"active":562,"growthFactor":1.1381957773512477},"2020-2-5":{"cases":661,"deaths":0,"recovered":54,"active":607,"growthFactor":1.1146711635750421},"2020-2-6":{"cases":711,"deaths":0,"recovered":81,"active":630,"growthFactor":1.075642965204236},"2020-2-7":{"cases":772,"deaths":0,"recovered":112,"active":660,"growthFactor":1.0857946554149085},"2020-2-8":{"cases":803,"deaths":1,"recovered":156,"active":646,"growthFactor":1.0401554404145077},"2020-2-9":{"cases":838,"deaths":1,"recovered":186,"active":651,"growthFactor":1.0435865504358655},"2020-2-10":{"cases":879,"deaths":1,"recovered":208,"active":670,"growthFactor":1.0489260143198091},"2020-2-11":{"cases":912,"deaths":1,"recovered":247,"active":664,"growthFactor":1.0375426621160408},"2020-2-12":{"cases":946,"deaths":2,"recovered":304,"active":640,"growthFactor":1.037280701754386},"2020-2-13":{"cases":968,"deaths":2,"recovered":339,"active":627,"growthFactor":1.0232558139534884},"2020-2-14":{"cases":988,"deaths":2,"recovered":364,"active":622,"growthFactor":1.0206611570247934},"2020-2-15":{"cases":1001,"deaths":2,"recovered":425,"active":574,"growthFactor":1.013157894736842},"2020-2-16":{"cases":1004,"deaths":3,"recovered":464,"active":537,"growthFactor":1.002997002997003},"2020-2-17":{"cases":1006,"deaths":3,"recovered":498,"active":505,"growthFactor":1.00199203187251},"2020-2-18":{"cases":1007,"deaths":4,"recovered":527,"active":476,"growthFactor":1.0009940357852882},"2020-2-19":{"cases":1008,"deaths":4,"recovered":561,"active":443,"growthFactor":1.0009930486593843},"2020-2-20":{"cases":1010,"deaths":4,"recovered":634,"active":372,"growthFactor":1.001984126984127},"2020-2-21":{"cases":1011,"deaths":4,"recovered":661,"active":346,"growthFactor":1.000990099009901},"2020-2-22":{"cases":1013,"deaths":4,"recovered":692,"active":317,"growthFactor":1.0019782393669634},"2020-2-23":{"cases":1016,"deaths":4,"recovered":714,"active":298,"growthFactor":1.0029615004935835},"2020-2-24":{"cases":1016,"deaths":4,"recovered":731,"active":281,"growthFactor":1},"2020-2-25":{"cases":1016,"deaths":4,"recovered":768,"active":244,"growthFactor":1},"2020-2-26":{"cases":1016,"deaths":4,"recovered":783,"active":229,"growthFactor":1},"2020-2-27":{"cases":1017,"deaths":4,"recovered":804,"active":209,"growthFactor":1.000984251968504},"2020-2-28":{"cases":1017,"deaths":4,"recovered":830,"active":183,"growthFactor":1},"2020-2-29":{"cases":1018,"deaths":4,"recovered":846,"active":168,"growthFactor":1.0009832841691249},"2020-3-1":{"cases":1018,"deaths":4,"recovered":866,"active":148,"growthFactor":1},"2020-3-2":{"cases":1018,"deaths":4,"recovered":887,"active":127,"growthFactor":1},"2020-3-3":{"cases":1018,"deaths":4,"recovered":906,"active":108,"growthFactor":1},"2020-3-4":{"cases":1018,"deaths":4,"recovered":916,"active":98,"growthFactor":1},"2020-3-5":{"cases":1018,"deaths":4,"recovered":938,"active":76,"growthFactor":1},"2020-3-6":{"cases":1018,"deaths":4,"recovered":955,"active":59,"growthFactor":1},"2020-3-7":{"cases":1018,"deaths":4,"recovered":960,"active":54,"growthFactor":1},"2020-3-8":{"cases":1018,"deaths":4,"recovered":968,"active":46,"growthFactor":1},"2020-3-9":{"cases":1018,"deaths":4,"recovered":979,"active":35,"growthFactor":1},"2020-3-10":{"cases":1018,"deaths":4,"recovered":990,"active":24,"growthFactor":1},"2020-3-11":{"cases":1018,"deaths":4,"recovered":995,"active":19,"growthFactor":1},"2020-3-12":{"cases":1018,"deaths":4,"recovered":999,"active":15,"growthFactor":1},"2020-3-13":{"cases":1018,"deaths":4,"recovered":1005,"active":9,"growthFactor":1},"2020-3-14":{"cases":1018,"deaths":4,"recovered":1014,"active":0,"growthFactor":1},"2020-3-15":{"cases":1018,"deaths":4,"recovered":1014,"active":0,"growthFactor":1},"2020-3-16":{"cases":1018,"deaths":4,"recovered":1014,"active":0,"growthFactor":1},"2020-3-17":{"cases":1018,"deaths":4,"recovered":1014,"active":0,"growthFactor":1},"2020-3-18":{"cases":1018,"deaths":4,"recovered":1014,"active":0,"growthFactor":1},"2020-3-19":{"cases":1018,"deaths":4,"recovered":1014,"active":0,"growthFactor":1},"2020-3-20":{"cases":1018,"deaths":4,"recovered":1014,"active":0,"growthFactor":1},"2020-3-21":{"cases":1018,"deaths":4,"recovered":1014,"active":0,"growthFactor":1},"2020-3-22":{"cases":1018,"deaths":4,"recovered":1014,"active":0,"growthFactor":1},"2020-3-23":{"cases":1018,"deaths":4,"recovered":1014,"active":0,"growthFactor":1},"2020-3-24":{"cases":1018,"deaths":4,"recovered":1014,"active":0,"growthFactor":1},"2020-3-25":{"cases":1018,"deaths":4,"growthFactor":1}},"maintainers":[{"name":"Larry Davis","email":"lazdnet@gmail.com","twitter":"lazdnet","github":"lazd","country":"USA","state":"CA","county":"San Francisco","city":"San Francisco","flag":"🇺🇸"}],"url":"https://github.com/CSSEGISandData/COVID-19","aggregate":"state","country":"CHN","coordinates":[111.50909061104284,27.369414984613826],"state":"Hunan","rating":0.5098039215686274,"tz":["Asia/Shanghai"],"featureId":44,"population":68990000}