{"dates":{"2020-1-22":{"cases":2,"deaths":0,"recovered":0,"active":2},"2020-1-23":{"cases":3,"deaths":0,"recovered":0,"active":3,"growthFactor":1.5},"2020-1-24":{"cases":4,"deaths":0,"recovered":0,"active":4,"growthFactor":1.3333333333333333},"2020-1-25":{"cases":17,"deaths":0,"recovered":0,"active":17,"growthFactor":4.25},"2020-1-26":{"cases":21,"deaths":0,"recovered":0,"active":21,"growthFactor":1.2352941176470589},"2020-1-27":{"cases":27,"deaths":0,"recovered":0,"active":27,"growthFactor":1.2857142857142858},"2020-1-28":{"cases":34,"deaths":0,"recovered":0,"active":34,"growthFactor":1.2592592592592593},"2020-1-29":{"cases":39,"deaths":0,"recovered":1,"active":38,"growthFactor":1.1470588235294117},"2020-1-30":{"cases":41,"deaths":0,"recovered":1,"active":40,"growthFactor":1.0512820512820513},"2020-1-31":{"cases":48,"deaths":0,"recovered":1,"active":47,"growthFactor":1.170731707317073},"2020-2-1":{"cases":64,"deaths":0,"recovered":1,"active":63,"growthFactor":1.3333333333333333},"2020-2-2":{"cases":70,"deaths":0,"recovered":1,"active":69,"growthFactor":1.09375},"2020-2-3":{"cases":74,"deaths":0,"recovered":1,"active":73,"growthFactor":1.0571428571428572},"2020-2-4":{"cases":81,"deaths":0,"recovered":2,"active":79,"growthFactor":1.0945945945945945},"2020-2-5":{"cases":89,"deaths":0,"recovered":4,"active":85,"growthFactor":1.0987654320987654},"2020-2-6":{"cases":94,"deaths":0,"recovered":5,"active":89,"growthFactor":1.0561797752808988},"2020-2-7":{"cases":99,"deaths":0,"recovered":7,"active":92,"growthFactor":1.053191489361702},"2020-2-8":{"cases":105,"deaths":0,"recovered":8,"active":97,"growthFactor":1.0606060606060606},"2020-2-9":{"cases":107,"deaths":0,"recovered":12,"active":95,"growthFactor":1.019047619047619},"2020-2-10":{"cases":108,"deaths":0,"recovered":13,"active":95,"growthFactor":1.0093457943925233},"2020-2-11":{"cases":111,"deaths":0,"recovered":19,"active":92,"growthFactor":1.0277777777777777},"2020-2-12":{"cases":116,"deaths":1,"recovered":20,"active":95,"growthFactor":1.045045045045045},"2020-2-13":{"cases":117,"deaths":1,"recovered":22,"active":94,"growthFactor":1.0086206896551724},"2020-2-14":{"cases":119,"deaths":1,"recovered":29,"active":89,"growthFactor":1.017094017094017},"2020-2-15":{"cases":119,"deaths":1,"recovered":31,"active":87,"growthFactor":1},"2020-2-16":{"cases":121,"deaths":1,"recovered":40,"active":80,"growthFactor":1.0168067226890756},"2020-2-17":{"cases":121,"deaths":1,"recovered":43,"active":77,"growthFactor":1},"2020-2-18":{"cases":121,"deaths":1,"recovered":53,"active":67,"growthFactor":1},"2020-2-19":{"cases":121,"deaths":1,"recovered":55,"active":65,"growthFactor":1},"2020-2-20":{"cases":121,"deaths":1,"recovered":59,"active":61,"growthFactor":1},"2020-2-21":{"cases":121,"deaths":1,"recovered":61,"active":59,"growthFactor":1},"2020-2-22":{"cases":121,"deaths":1,"recovered":66,"active":54,"growthFactor":1},"2020-2-23":{"cases":121,"deaths":1,"recovered":73,"active":47,"growthFactor":1},"2020-2-24":{"cases":121,"deaths":1,"recovered":80,"active":40,"growthFactor":1},"2020-2-25":{"cases":121,"deaths":1,"recovered":83,"active":37,"growthFactor":1},"2020-2-26":{"cases":121,"deaths":1,"recovered":88,"active":32,"growthFactor":1},"2020-2-27":{"cases":121,"deaths":1,"recovered":93,"active":27,"growthFactor":1},"2020-2-28":{"cases":121,"deaths":1,"recovered":93,"active":27,"growthFactor":1},"2020-2-29":{"cases":121,"deaths":1,"recovered":96,"active":24,"growthFactor":1},"2020-3-1":{"cases":122,"deaths":1,"recovered":103,"active":18,"growthFactor":1.0082644628099173},"2020-3-2":{"cases":122,"deaths":1,"recovered":103,"active":18,"growthFactor":1},"2020-3-3":{"cases":125,"deaths":1,"recovered":106,"active":18,"growthFactor":1.0245901639344261},"2020-3-4":{"cases":125,"deaths":1,"recovered":106,"active":18,"growthFactor":1},"2020-3-5":{"cases":125,"deaths":1,"recovered":106,"active":18,"growthFactor":1},"2020-3-6":{"cases":125,"deaths":1,"recovered":106,"active":18,"growthFactor":1},"2020-3-7":{"cases":125,"deaths":1,"recovered":107,"active":17,"growthFactor":1},"2020-3-8":{"cases":125,"deaths":1,"recovered":109,"active":15,"growthFactor":1},"2020-3-9":{"cases":125,"deaths":1,"recovered":109,"active":15,"growthFactor":1},"2020-3-10":{"cases":125,"deaths":1,"recovered":111,"active":13,"growthFactor":1},"2020-3-11":{"cases":125,"deaths":1,"recovered":111,"active":13,"growthFactor":1},"2020-3-12":{"cases":125,"deaths":1,"recovered":112,"active":12,"growthFactor":1},"2020-3-13":{"cases":125,"deaths":1,"recovered":112,"active":12,"growthFactor":1},"2020-3-14":{"cases":125,"deaths":1,"recovered":113,"active":11,"growthFactor":1},"2020-3-15":{"cases":125,"deaths":1,"recovered":114,"active":10,"growthFactor":1},"2020-3-16":{"cases":125,"deaths":1,"recovered":115,"active":9,"growthFactor":1},"2020-3-17":{"cases":125,"deaths":1,"recovered":120,"active":4,"growthFactor":1},"2020-3-18":{"cases":125,"deaths":1,"recovered":122,"active":2,"growthFactor":1},"2020-3-19":{"cases":125,"deaths":1,"recovered":122,"active":2,"growthFactor":1},"2020-3-20":{"cases":126,"deaths":2,"recovered":122,"active":2,"growthFactor":1.008},"2020-3-21":{"cases":126,"deaths":2,"recovered":122,"active":2,"growthFactor":1},"2020-3-22":{"cases":126,"deaths":2,"recovered":124,"active":0,"growthFactor":1},"2020-3-23":{"cases":127,"deaths":2,"recovered":124,"active":1,"growthFactor":1.007936507936508},"2020-3-24":{"cases":127,"deaths":2,"recovered":124,"active":1,"growthFactor":1},"2020-3-25":{"cases":127,"deaths":2,"growthFactor":1}},"maintainers":[{"name":"Larry Davis","email":"lazdnet@gmail.com","twitter":"lazdnet","github":"lazd","country":"USA","state":"CA","county":"San Francisco","city":"San Francisco","flag":"🇺🇸"}],"url":"https://github.com/CSSEGISandData/COVID-19","aggregate":"state","country":"CHN","coordinates":[122.31055016440854,41.09091390618639],"state":"Liaoning","rating":0.5098039215686274,"tz":["Asia/Shanghai"],"featureId":49,"population":43590000}