{"dates":{"2020-2-24":{"cases":0,"deaths":0,"recovered":0,"active":0},"2020-2-25":{"cases":1,"deaths":0,"recovered":0,"active":1,"growthFactor":null},"2020-2-26":{"cases":11,"deaths":0,"recovered":0,"active":11,"growthFactor":11},"2020-2-27":{"cases":19,"deaths":0,"recovered":0,"active":19,"growthFactor":1.7272727272727273},"2020-2-28":{"cases":19,"deaths":0,"recovered":0,"active":19,"growthFactor":1},"2020-2-29":{"cases":42,"deaths":0,"recovered":4,"active":38,"growthFactor":2.210526315789474},"2020-3-1":{"cases":25,"deaths":0,"recovered":4,"active":21,"growthFactor":0.5952380952380952},"2020-3-2":{"cases":22,"deaths":0,"recovered":4,"active":18,"growthFactor":0.88},"2020-3-3":{"cases":24,"deaths":1,"recovered":4,"active":19,"growthFactor":1.0909090909090908},"2020-3-4":{"cases":26,"deaths":1,"recovered":4,"active":21,"growthFactor":1.0833333333333333},"2020-3-5":{"cases":28,"deaths":3,"recovered":4,"active":21,"growthFactor":1.0769230769230769},"2020-3-6":{"cases":32,"deaths":3,"recovered":5,"active":24,"growthFactor":1.1428571428571428},"2020-3-7":{"cases":51,"deaths":4,"recovered":5,"active":42,"growthFactor":1.59375},"2020-3-8":{"cases":78,"deaths":6,"recovered":5,"active":67,"growthFactor":1.5294117647058822},"2020-3-9":{"cases":109,"deaths":7,"recovered":5,"active":97,"growthFactor":1.3974358974358974},"2020-3-10":{"cases":141,"deaths":8,"recovered":5,"active":128,"growthFactor":1.2935779816513762},"2020-3-11":{"cases":194,"deaths":8,"recovered":5,"active":181,"growthFactor":1.375886524822695},"2020-3-12":{"cases":274,"deaths":11,"recovered":20,"active":243,"growthFactor":1.4123711340206186},"2020-3-13":{"cases":345,"deaths":17,"recovered":24,"active":304,"growthFactor":1.2591240875912408},"2020-3-14":{"cases":463,"deaths":27,"recovered":52,"active":384,"growthFactor":1.3420289855072465},"2020-3-15":{"cases":559,"deaths":33,"recovered":33,"active":493,"growthFactor":1.207343412526998},"2020-3-16":{"cases":667,"deaths":50,"recovered":42,"active":575,"growthFactor":1.1932021466905187},"2020-3-17":{"cases":778,"deaths":60,"recovered":57,"active":661,"growthFactor":1.1664167916041979},"2020-3-18":{"cases":887,"deaths":73,"recovered":70,"active":744,"growthFactor":1.1401028277634961},"2020-3-19":{"cases":1059,"deaths":91,"recovered":85,"active":883,"growthFactor":1.19391206313416},"2020-3-20":{"cases":1221,"deaths":119,"recovered":101,"active":1001,"growthFactor":1.1529745042492918},"2020-3-21":{"cases":1436,"deaths":152,"recovered":125,"active":1159,"growthFactor":1.176085176085176},"2020-3-22":{"cases":1665,"deaths":171,"recovered":143,"active":1351,"growthFactor":1.1594707520891365},"2020-3-23":{"cases":1924,"deaths":212,"recovered":159,"active":1553,"growthFactor":1.1555555555555554},"2020-3-24":{"cases":2116,"deaths":231,"recovered":193,"active":1692,"growthFactor":1.0997920997920998},"2020-3-25":{"cases":2305,"deaths":254,"recovered":225,"active":1826,"growthFactor":1.089319470699433}},"country":"ITA","url":"https://raw.githubusercontent.com/pcm-dpc/COVID-19/master/dati-regioni/dpc-covid19-ita-regioni.csv","aggregate":"state","state":"Liguria","rating":0.6274509803921569,"coordinates":[8.783353306551223,44.22635345917788],"tz":["Europe/Rome"],"featureId":307,"population":1550640}