{"dates":{"2020-2-24":{"cases":172,"deaths":6,"recovered":0,"active":166},"2020-2-25":{"cases":240,"deaths":9,"recovered":0,"active":231,"growthFactor":1.3953488372093024},"2020-2-26":{"cases":258,"deaths":9,"recovered":0,"active":249,"growthFactor":1.075},"2020-2-27":{"cases":403,"deaths":14,"recovered":40,"active":349,"growthFactor":1.562015503875969},"2020-2-28":{"cases":531,"deaths":17,"recovered":40,"active":474,"growthFactor":1.317617866004963},"2020-2-29":{"cases":615,"deaths":23,"recovered":40,"active":552,"growthFactor":1.1581920903954803},"2020-3-1":{"cases":984,"deaths":24,"recovered":73,"active":887,"growthFactor":1.6},"2020-3-2":{"cases":1254,"deaths":38,"recovered":139,"active":1077,"growthFactor":1.274390243902439},"2020-3-3":{"cases":1520,"deaths":55,"recovered":139,"active":1326,"growthFactor":1.2121212121212122},"2020-3-4":{"cases":1820,"deaths":73,"recovered":250,"active":1497,"growthFactor":1.1973684210526316},"2020-3-5":{"cases":2251,"deaths":98,"recovered":376,"active":1777,"growthFactor":1.2368131868131869},"2020-3-6":{"cases":2612,"deaths":135,"recovered":469,"active":2008,"growthFactor":1.1603731674811195},"2020-3-7":{"cases":3420,"deaths":154,"recovered":524,"active":2742,"growthFactor":1.3093415007656968},"2020-3-8":{"cases":4189,"deaths":267,"recovered":550,"active":3372,"growthFactor":1.2248538011695906},"2020-3-9":{"cases":5469,"deaths":333,"recovered":646,"active":4490,"growthFactor":1.3055621866793985},"2020-3-10":{"cases":5791,"deaths":468,"recovered":896,"active":4427,"growthFactor":1.0588773084658987},"2020-3-11":{"cases":7280,"deaths":617,"recovered":900,"active":5763,"growthFactor":1.2571231220859955},"2020-3-12":{"cases":8725,"deaths":744,"recovered":1085,"active":6896,"growthFactor":1.198489010989011},"2020-3-13":{"cases":9820,"deaths":890,"recovered":1198,"active":7732,"growthFactor":1.1255014326647566},"2020-3-14":{"cases":11685,"deaths":966,"recovered":1660,"active":9059,"growthFactor":1.189918533604888},"2020-3-15":{"cases":13272,"deaths":1218,"recovered":2011,"active":10043,"growthFactor":1.1358151476251606},"2020-3-16":{"cases":14649,"deaths":1420,"recovered":2368,"active":10861,"growthFactor":1.10375226039783},"2020-3-17":{"cases":16220,"deaths":1640,"recovered":2485,"active":12095,"growthFactor":1.1072428152092293},"2020-3-18":{"cases":17713,"deaths":1959,"recovered":3488,"active":12266,"growthFactor":1.0920468557336622},"2020-3-19":{"cases":19884,"deaths":2168,"recovered":3778,"active":13938,"growthFactor":1.122565347484898},"2020-3-20":{"cases":22264,"deaths":2549,"recovered":4295,"active":15420,"growthFactor":1.11969422651378},"2020-3-21":{"cases":25515,"deaths":3095,"recovered":5050,"active":17370,"growthFactor":1.1460204814947899},"2020-3-22":{"cases":27206,"deaths":3456,"recovered":5865,"active":17885,"growthFactor":1.0662747403488144},"2020-3-23":{"cases":28761,"deaths":3776,"recovered":6075,"active":18910,"growthFactor":1.057156509593472},"2020-3-24":{"cases":30703,"deaths":4178,"recovered":6657,"active":19868,"growthFactor":1.067521991585828},"2020-3-25":{"cases":32346,"deaths":4474,"recovered":7281,"active":20591,"growthFactor":1.0535126860567372}},"country":"ITA","url":"https://raw.githubusercontent.com/pcm-dpc/COVID-19/master/dati-regioni/dpc-covid19-ita-regioni.csv","aggregate":"state","state":"Lombardia","rating":0.6274509803921569,"coordinates":[9.96253973345539,45.65756679322394],"tz":["Europe/Rome"],"featureId":308,"population":10060574}