{"dates":{"2020-2-24":{"cases":0,"deaths":0,"recovered":0,"active":0},"2020-2-25":{"cases":0,"deaths":0,"recovered":0,"active":0,"growthFactor":null},"2020-2-26":{"cases":0,"deaths":0,"recovered":0,"active":0,"growthFactor":null},"2020-2-27":{"cases":0,"deaths":0,"recovered":0,"active":0,"growthFactor":null},"2020-2-28":{"cases":0,"deaths":0,"recovered":0,"active":0,"growthFactor":null},"2020-2-29":{"cases":0,"deaths":0,"recovered":0,"active":0,"growthFactor":null},"2020-3-1":{"cases":0,"deaths":0,"recovered":0,"active":0,"growthFactor":null},"2020-3-2":{"cases":0,"deaths":0,"recovered":0,"active":0,"growthFactor":null},"2020-3-3":{"cases":4,"deaths":0,"recovered":0,"active":4,"growthFactor":null},"2020-3-4":{"cases":5,"deaths":0,"recovered":0,"active":5,"growthFactor":1.25},"2020-3-5":{"cases":7,"deaths":0,"recovered":0,"active":7,"growthFactor":1.4},"2020-3-6":{"cases":10,"deaths":0,"recovered":0,"active":10,"growthFactor":1.4285714285714286},"2020-3-7":{"cases":14,"deaths":0,"recovered":0,"active":14,"growthFactor":1.4},"2020-3-8":{"cases":23,"deaths":0,"recovered":0,"active":23,"growthFactor":1.6428571428571428},"2020-3-9":{"cases":33,"deaths":0,"recovered":0,"active":33,"growthFactor":1.434782608695652},"2020-3-10":{"cases":52,"deaths":0,"recovered":2,"active":50,"growthFactor":1.5757575757575757},"2020-3-11":{"cases":77,"deaths":0,"recovered":3,"active":74,"growthFactor":1.4807692307692308},"2020-3-12":{"cases":107,"deaths":1,"recovered":4,"active":102,"growthFactor":1.3896103896103895},"2020-3-13":{"cases":163,"deaths":2,"recovered":4,"active":157,"growthFactor":1.5233644859813085},"2020-3-14":{"cases":206,"deaths":2,"recovered":5,"active":199,"growthFactor":1.2638036809815951},"2020-3-15":{"cases":378,"deaths":6,"recovered":5,"active":367,"growthFactor":1.8349514563106797},"2020-3-16":{"cases":378,"deaths":6,"recovered":5,"active":367,"growthFactor":1},"2020-3-17":{"cases":385,"deaths":7,"recovered":10,"active":368,"growthFactor":1.0185185185185186},"2020-3-18":{"cases":455,"deaths":7,"recovered":12,"active":436,"growthFactor":1.1818181818181819},"2020-3-19":{"cases":523,"deaths":12,"recovered":20,"active":491,"growthFactor":1.1494505494505494},"2020-3-20":{"cases":642,"deaths":13,"recovered":29,"active":600,"growthFactor":1.2275334608030593},"2020-3-21":{"cases":782,"deaths":28,"recovered":34,"active":720,"growthFactor":1.2180685358255452},"2020-3-22":{"cases":954,"deaths":35,"recovered":34,"active":885,"growthFactor":1.2199488491048593},"2020-3-23":{"cases":1023,"deaths":41,"recovered":68,"active":914,"growthFactor":1.0723270440251573},"2020-3-24":{"cases":1110,"deaths":56,"recovered":79,"active":975,"growthFactor":1.0850439882697946},"2020-3-25":{"cases":1222,"deaths":74,"recovered":90,"active":1058,"growthFactor":1.100900900900901}},"country":"ITA","url":"https://raw.githubusercontent.com/pcm-dpc/COVID-19/master/dati-regioni/dpc-covid19-ita-regioni.csv","aggregate":"state","state":"P.A. Trento","rating":0.6274509803921569,"coordinates":[11.214905976229801,46.10760284849263],"tz":["Europe/Rome"],"featureId":316,"population":1072276}