{"dates":{"2020-2-24":{"cases":0,"deaths":0,"recovered":0,"active":0},"2020-2-25":{"cases":0,"deaths":0,"recovered":0,"active":0,"growthFactor":null},"2020-2-26":{"cases":0,"deaths":0,"recovered":0,"active":0,"growthFactor":null},"2020-2-27":{"cases":1,"deaths":0,"recovered":0,"active":1,"growthFactor":null},"2020-2-28":{"cases":3,"deaths":0,"recovered":0,"active":3,"growthFactor":3},"2020-2-29":{"cases":3,"deaths":0,"recovered":0,"active":3,"growthFactor":1},"2020-3-1":{"cases":3,"deaths":0,"recovered":0,"active":3,"growthFactor":1},"2020-3-2":{"cases":4,"deaths":0,"recovered":0,"active":4,"growthFactor":1.3333333333333333},"2020-3-3":{"cases":6,"deaths":0,"recovered":0,"active":6,"growthFactor":1.5},"2020-3-4":{"cases":9,"deaths":1,"recovered":1,"active":7,"growthFactor":1.5},"2020-3-5":{"cases":14,"deaths":1,"recovered":1,"active":12,"growthFactor":1.5555555555555556},"2020-3-6":{"cases":17,"deaths":1,"recovered":1,"active":15,"growthFactor":1.2142857142857142},"2020-3-7":{"cases":26,"deaths":2,"recovered":1,"active":23,"growthFactor":1.5294117647058822},"2020-3-8":{"cases":40,"deaths":3,"recovered":1,"active":36,"growthFactor":1.5384615384615385},"2020-3-9":{"cases":50,"deaths":3,"recovered":1,"active":46,"growthFactor":1.25},"2020-3-10":{"cases":59,"deaths":3,"recovered":1,"active":55,"growthFactor":1.18},"2020-3-11":{"cases":77,"deaths":5,"recovered":1,"active":71,"growthFactor":1.305084745762712},"2020-3-12":{"cases":104,"deaths":5,"recovered":1,"active":98,"growthFactor":1.3506493506493507},"2020-3-13":{"cases":129,"deaths":5,"recovered":3,"active":121,"growthFactor":1.2403846153846154},"2020-3-14":{"cases":166,"deaths":8,"recovered":2,"active":156,"growthFactor":1.2868217054263567},"2020-3-15":{"cases":230,"deaths":16,"recovered":2,"active":212,"growthFactor":1.3855421686746987},"2020-3-16":{"cases":230,"deaths":16,"recovered":2,"active":212,"growthFactor":1},"2020-3-17":{"cases":340,"deaths":18,"recovered":2,"active":320,"growthFactor":1.4782608695652173},"2020-3-18":{"cases":383,"deaths":19,"recovered":2,"active":362,"growthFactor":1.1264705882352941},"2020-3-19":{"cases":478,"deaths":25,"recovered":4,"active":449,"growthFactor":1.248041775456919},"2020-3-20":{"cases":581,"deaths":26,"recovered":4,"active":551,"growthFactor":1.215481171548117},"2020-3-21":{"cases":675,"deaths":29,"recovered":4,"active":642,"growthFactor":1.161790017211704},"2020-3-22":{"cases":786,"deaths":31,"recovered":7,"active":748,"growthFactor":1.1644444444444444},"2020-3-23":{"cases":906,"deaths":37,"recovered":7,"active":862,"growthFactor":1.1526717557251909},"2020-3-24":{"cases":1005,"deaths":44,"recovered":21,"active":940,"growthFactor":1.109271523178808},"2020-3-25":{"cases":1093,"deaths":48,"recovered":22,"active":1023,"growthFactor":1.0875621890547265}},"country":"ITA","url":"https://raw.githubusercontent.com/pcm-dpc/COVID-19/master/dati-regioni/dpc-covid19-ita-regioni.csv","aggregate":"state","state":"Puglia","rating":0.6274509803921569,"coordinates":[16.726699634103944,41.010137150757664],"tz":["Europe/Rome"],"featureId":312,"population":4029053}