{"dates":{"2020-1-22":{"cases":0,"deaths":0,"recovered":0,"active":0},"2020-1-23":{"cases":3,"deaths":0,"recovered":0,"active":3,"growthFactor":null},"2020-1-24":{"cases":5,"deaths":0,"recovered":0,"active":5,"growthFactor":1.6666666666666667},"2020-1-25":{"cases":15,"deaths":0,"recovered":0,"active":15,"growthFactor":3},"2020-1-26":{"cases":22,"deaths":0,"recovered":0,"active":22,"growthFactor":1.4666666666666666},"2020-1-27":{"cases":35,"deaths":0,"recovered":0,"active":35,"growthFactor":1.5909090909090908},"2020-1-28":{"cases":46,"deaths":0,"recovered":0,"active":46,"growthFactor":1.3142857142857143},"2020-1-29":{"cases":56,"deaths":0,"recovered":0,"active":56,"growthFactor":1.2173913043478262},"2020-1-30":{"cases":63,"deaths":0,"recovered":0,"active":63,"growthFactor":1.125},"2020-1-31":{"cases":87,"deaths":0,"recovered":0,"active":87,"growthFactor":1.380952380952381},"2020-2-1":{"cases":101,"deaths":0,"recovered":0,"active":101,"growthFactor":1.160919540229885},"2020-2-2":{"cases":116,"deaths":0,"recovered":0,"active":116,"growthFactor":1.1485148514851484},"2020-2-3":{"cases":128,"deaths":0,"recovered":0,"active":128,"growthFactor":1.103448275862069},"2020-2-4":{"cases":142,"deaths":0,"recovered":2,"active":140,"growthFactor":1.109375},"2020-2-5":{"cases":165,"deaths":0,"recovered":6,"active":159,"growthFactor":1.1619718309859155},"2020-2-6":{"cases":173,"deaths":0,"recovered":9,"active":164,"growthFactor":1.0484848484848486},"2020-2-7":{"cases":184,"deaths":0,"recovered":17,"active":167,"growthFactor":1.0635838150289016},"2020-2-8":{"cases":195,"deaths":0,"recovered":20,"active":175,"growthFactor":1.059782608695652},"2020-2-9":{"cases":208,"deaths":0,"recovered":25,"active":183,"growthFactor":1.0666666666666667},"2020-2-10":{"cases":213,"deaths":0,"recovered":30,"active":183,"growthFactor":1.0240384615384615},"2020-2-11":{"cases":219,"deaths":0,"recovered":32,"active":187,"growthFactor":1.028169014084507},"2020-2-12":{"cases":225,"deaths":0,"recovered":43,"active":182,"growthFactor":1.0273972602739727},"2020-2-13":{"cases":229,"deaths":0,"recovered":46,"active":183,"growthFactor":1.0177777777777777},"2020-2-14":{"cases":230,"deaths":0,"recovered":54,"active":176,"growthFactor":1.0043668122270741},"2020-2-15":{"cases":232,"deaths":0,"recovered":60,"active":172,"growthFactor":1.008695652173913},"2020-2-16":{"cases":236,"deaths":0,"recovered":71,"active":165,"growthFactor":1.0172413793103448},"2020-2-17":{"cases":240,"deaths":0,"recovered":79,"active":161,"growthFactor":1.0169491525423728},"2020-2-18":{"cases":240,"deaths":0,"recovered":89,"active":151,"growthFactor":1},"2020-2-19":{"cases":242,"deaths":0,"recovered":102,"active":140,"growthFactor":1.0083333333333333},"2020-2-20":{"cases":245,"deaths":1,"recovered":118,"active":126,"growthFactor":1.012396694214876},"2020-2-21":{"cases":245,"deaths":1,"recovered":134,"active":110,"growthFactor":1},"2020-2-22":{"cases":245,"deaths":1,"recovered":149,"active":95,"growthFactor":1},"2020-2-23":{"cases":245,"deaths":1,"recovered":163,"active":81,"growthFactor":1},"2020-2-24":{"cases":245,"deaths":1,"recovered":173,"active":71,"growthFactor":1},"2020-2-25":{"cases":245,"deaths":1,"recovered":186,"active":58,"growthFactor":1},"2020-2-26":{"cases":245,"deaths":1,"recovered":192,"active":52,"growthFactor":1},"2020-2-27":{"cases":245,"deaths":1,"recovered":195,"active":49,"growthFactor":1},"2020-2-28":{"cases":245,"deaths":1,"recovered":199,"active":45,"growthFactor":1},"2020-2-29":{"cases":245,"deaths":1,"recovered":207,"active":37,"growthFactor":1},"2020-3-1":{"cases":245,"deaths":1,"recovered":208,"active":36,"growthFactor":1},"2020-3-2":{"cases":245,"deaths":1,"recovered":216,"active":28,"growthFactor":1},"2020-3-3":{"cases":245,"deaths":1,"recovered":216,"active":28,"growthFactor":1},"2020-3-4":{"cases":245,"deaths":1,"recovered":223,"active":21,"growthFactor":1},"2020-3-5":{"cases":245,"deaths":1,"recovered":224,"active":20,"growthFactor":1},"2020-3-6":{"cases":245,"deaths":1,"recovered":226,"active":18,"growthFactor":1},"2020-3-7":{"cases":245,"deaths":1,"recovered":226,"active":18,"growthFactor":1},"2020-3-8":{"cases":245,"deaths":1,"recovered":227,"active":17,"growthFactor":1},"2020-3-9":{"cases":245,"deaths":1,"recovered":227,"active":17,"growthFactor":1},"2020-3-10":{"cases":245,"deaths":1,"recovered":227,"active":17,"growthFactor":1},"2020-3-11":{"cases":245,"deaths":1,"recovered":232,"active":12,"growthFactor":1},"2020-3-12":{"cases":245,"deaths":2,"recovered":232,"active":11,"growthFactor":1},"2020-3-13":{"cases":245,"deaths":2,"recovered":232,"active":11,"growthFactor":1},"2020-3-14":{"cases":245,"deaths":2,"recovered":232,"active":11,"growthFactor":1},"2020-3-15":{"cases":245,"deaths":2,"recovered":232,"active":11,"growthFactor":1},"2020-3-16":{"cases":245,"deaths":2,"recovered":233,"active":10,"growthFactor":1},"2020-3-17":{"cases":246,"deaths":3,"recovered":236,"active":7,"growthFactor":1.0040816326530613},"2020-3-18":{"cases":246,"deaths":3,"recovered":237,"active":6,"growthFactor":1},"2020-3-19":{"cases":246,"deaths":3,"recovered":237,"active":6,"growthFactor":1},"2020-3-20":{"cases":247,"deaths":3,"recovered":237,"active":7,"growthFactor":1.0040650406504066},"2020-3-21":{"cases":248,"deaths":3,"recovered":239,"active":6,"growthFactor":1.0040485829959513},"2020-3-22":{"cases":248,"deaths":3,"recovered":239,"active":6,"growthFactor":1},"2020-3-23":{"cases":248,"deaths":3,"recovered":239,"active":6,"growthFactor":1},"2020-3-24":{"cases":249,"deaths":3,"recovered":240,"active":6,"growthFactor":1.0040322580645162},"2020-3-25":{"cases":250,"deaths":3,"growthFactor":1.0040160642570282}},"maintainers":[{"name":"Larry Davis","email":"lazdnet@gmail.com","twitter":"lazdnet","github":"lazd","country":"USA","state":"CA","county":"San Francisco","city":"San Francisco","flag":"🇺🇸"}],"url":"https://github.com/CSSEGISandData/COVID-19","aggregate":"state","country":"CHN","coordinates":[108.36171166401203,35.63509908705319],"state":"Shaanxi","rating":0.5098039215686274,"tz":["Asia/Shanghai"],"featureId":53,"population":38640000}