{"dates":{"2020-2-24":{"cases":0,"deaths":0,"recovered":0,"active":0},"2020-2-25":{"cases":0,"deaths":0,"recovered":0,"active":0,"growthFactor":null},"2020-2-26":{"cases":0,"deaths":0,"recovered":0,"active":0,"growthFactor":null},"2020-2-27":{"cases":0,"deaths":0,"recovered":0,"active":0,"growthFactor":null},"2020-2-28":{"cases":0,"deaths":0,"recovered":0,"active":0,"growthFactor":null},"2020-2-29":{"cases":0,"deaths":0,"recovered":0,"active":0,"growthFactor":null},"2020-3-1":{"cases":2,"deaths":0,"recovered":0,"active":2,"growthFactor":null},"2020-3-2":{"cases":2,"deaths":0,"recovered":0,"active":2,"growthFactor":1},"2020-3-3":{"cases":8,"deaths":0,"recovered":0,"active":8,"growthFactor":4},"2020-3-4":{"cases":9,"deaths":0,"recovered":0,"active":9,"growthFactor":1.125},"2020-3-5":{"cases":9,"deaths":0,"recovered":0,"active":9,"growthFactor":1},"2020-3-6":{"cases":16,"deaths":0,"recovered":0,"active":16,"growthFactor":1.7777777777777777},"2020-3-7":{"cases":24,"deaths":0,"recovered":0,"active":24,"growthFactor":1.5},"2020-3-8":{"cases":26,"deaths":0,"recovered":0,"active":26,"growthFactor":1.0833333333333333},"2020-3-9":{"cases":28,"deaths":0,"recovered":0,"active":28,"growthFactor":1.0769230769230769},"2020-3-10":{"cases":37,"deaths":0,"recovered":0,"active":37,"growthFactor":1.3214285714285714},"2020-3-11":{"cases":46,"deaths":0,"recovered":2,"active":44,"growthFactor":1.2432432432432432},"2020-3-12":{"cases":64,"deaths":0,"recovered":2,"active":62,"growthFactor":1.391304347826087},"2020-3-13":{"cases":76,"deaths":1,"recovered":2,"active":73,"growthFactor":1.1875},"2020-3-14":{"cases":107,"deaths":1,"recovered":3,"active":103,"growthFactor":1.4078947368421053},"2020-3-15":{"cases":143,"deaths":1,"recovered":3,"active":139,"growthFactor":1.3364485981308412},"2020-3-16":{"cases":164,"deaths":1,"recovered":4,"active":159,"growthFactor":1.1468531468531469},"2020-3-17":{"cases":197,"deaths":1,"recovered":4,"active":192,"growthFactor":1.201219512195122},"2020-3-18":{"cases":247,"deaths":2,"recovered":4,"active":241,"growthFactor":1.2538071065989849},"2020-3-19":{"cases":334,"deaths":2,"recovered":4,"active":328,"growthFactor":1.3522267206477734},"2020-3-20":{"cases":395,"deaths":7,"recovered":4,"active":384,"growthFactor":1.1826347305389222},"2020-3-21":{"cases":462,"deaths":10,"recovered":5,"active":447,"growthFactor":1.169620253164557},"2020-3-22":{"cases":521,"deaths":16,"recovered":5,"active":500,"growthFactor":1.1277056277056277},"2020-3-23":{"cases":577,"deaths":16,"recovered":5,"active":556,"growthFactor":1.107485604606526},"2020-3-24":{"cases":648,"deaths":19,"recovered":5,"active":624,"growthFactor":1.123050259965338},"2020-3-25":{"cases":710,"deaths":19,"recovered":5,"active":686,"growthFactor":1.095679012345679}},"country":"ITA","url":"https://raw.githubusercontent.com/pcm-dpc/COVID-19/master/dati-regioni/dpc-covid19-ita-regioni.csv","aggregate":"state","state":"Umbria","rating":0.6274509803921569,"coordinates":[12.578027098494626,42.99086726176927],"tz":["Europe/Rome"],"featureId":317,"population":882015}