{"dates":{"2020-2-27":{"cases":0,"deaths":0,"recovered":0,"active":0},"2020-2-28":{"cases":1,"deaths":0,"recovered":0,"active":1,"growthFactor":null},"2020-2-29":{"cases":1,"deaths":0,"recovered":0,"active":1,"growthFactor":1},"2020-3-1":{"cases":0,"deaths":0,"recovered":0,"active":0,"growthFactor":0},"2020-3-2":{"cases":0,"deaths":0,"recovered":0,"active":0,"growthFactor":null},"2020-3-3":{"cases":0,"deaths":0,"recovered":0,"active":0,"growthFactor":null},"2020-3-4":{"cases":0,"deaths":0,"recovered":0,"active":0,"growthFactor":null},"2020-3-5":{"cases":1,"deaths":0,"recovered":0,"active":1,"growthFactor":null},"2020-3-6":{"cases":6,"deaths":1,"recovered":0,"active":5,"growthFactor":6},"2020-3-7":{"cases":11,"deaths":1,"recovered":0,"active":10,"growthFactor":1.8333333333333333},"2020-3-8":{"cases":13,"deaths":2,"recovered":0,"active":11,"growthFactor":1.1818181818181819},"2020-3-9":{"cases":13,"deaths":2,"recovered":0,"active":11,"growthFactor":1},"2020-3-10":{"cases":38,"deaths":3,"recovered":0,"active":35,"growthFactor":2.923076923076923},"2020-3-11":{"cases":45,"deaths":4,"recovered":0,"active":41,"growthFactor":1.1842105263157894},"2020-3-12":{"cases":64,"deaths":6,"recovered":0,"active":58,"growthFactor":1.4222222222222223},"2020-3-13":{"cases":80,"deaths":7,"recovered":0,"active":73,"growthFactor":1.25},"2020-3-14":{"cases":80,"deaths":7,"recovered":0,"active":73,"growthFactor":1},"2020-3-15":{"cases":147,"deaths":7,"recovered":0,"active":140,"growthFactor":1.8375},"2020-3-16":{"cases":174,"deaths":11,"recovered":0,"active":163,"growthFactor":1.183673469387755},"2020-3-17":{"cases":207,"deaths":12,"recovered":0,"active":195,"growthFactor":1.1896551724137931},"2020-3-18":{"cases":226,"deaths":13,"recovered":0,"active":213,"growthFactor":1.0917874396135265},"2020-3-19":{"cases":281,"deaths":15,"recovered":0,"active":266,"growthFactor":1.2433628318584071},"2020-3-20":{"cases":360,"deaths":17,"recovered":0,"active":343,"growthFactor":1.2811387900355873},"2020-3-21":{"cases":424,"deaths":22,"recovered":0,"active":402,"growthFactor":1.1777777777777778},"2020-3-22":{"cases":532,"deaths":24,"recovered":3,"active":505,"growthFactor":1.2547169811320755},"2020-3-23":{"cases":638,"deaths":32,"recovered":3,"active":603,"growthFactor":1.199248120300752},"2020-3-24":{"cases":758,"deaths":37,"recovered":3,"active":718,"growthFactor":1.188087774294671},"2020-3-25":{"cases":907,"deaths":40,"recovered":4,"active":863,"growthFactor":1.1965699208443272},"2020-3-26":{"cases":1116,"deaths":48,"recovered":4,"active":1064,"growthFactor":1.2304299889746417},"2020-3-27":{"cases":1338,"deaths":58,"recovered":8,"active":1272,"growthFactor":1.1989247311827957},"2020-3-28":{"cases":1592,"deaths":58,"recovered":8,"active":1526,"growthFactor":1.1898355754857997},"2020-3-29":{"cases":1858,"deaths":93,"recovered":8,"active":1757,"growthFactor":1.1670854271356783},"2020-3-30":{"cases":2078,"deaths":106,"recovered":174,"active":1798,"growthFactor":1.1184068891280947}},"country":"ESP","url":"https://github.com/datadista/datasets/tree/master/COVID%2019","aggregate":"state","sources":[{"name":"cases","url":"https://raw.githubusercontent.com/datadista/datasets/master/COVID%2019/ccaa_covid19_casos.csv","description":"Cases by date and community"},{"name":"recovered","url":"https://raw.githubusercontent.com/datadista/datasets/master/COVID%2019/ccaa_covid19_altas.csv","description":"Recoveries by date and community"},{"name":"deaths","url":"https://raw.githubusercontent.com/datadista/datasets/master/COVID%2019/ccaa_covid19_fallecidos.csv","description":"Deaths by date and community"}],"curators":[{"name":"Antonio Delgado","url":"https://datadista.com/","twitter":"@adelgado","github":"adelgadob"}],"maintainers":[{"name":"Herb Caudill","url":"https://devresults.com","twitter":"@herbcaudill","github":"herbcaudill"}],"state":"Aragón","rating":0.5882352941176471,"coordinates":[-0.7011820000000001,41.384575999999996],"tz":["Europe/Madrid"],"featureId":278,"population":1324397}