{"dates":{"2020-2-27":{"cases":0,"deaths":0,"recovered":0,"active":0},"2020-2-28":{"cases":0,"deaths":0,"recovered":0,"active":0,"growthFactor":null},"2020-2-29":{"cases":0,"deaths":0,"recovered":0,"active":0,"growthFactor":null},"2020-3-1":{"cases":1,"deaths":0,"recovered":0,"active":1,"growthFactor":null},"2020-3-2":{"cases":1,"deaths":0,"recovered":0,"active":1,"growthFactor":1},"2020-3-3":{"cases":1,"deaths":0,"recovered":0,"active":1,"growthFactor":1},"2020-3-4":{"cases":2,"deaths":0,"recovered":0,"active":2,"growthFactor":2},"2020-3-5":{"cases":5,"deaths":0,"recovered":0,"active":5,"growthFactor":2.5},"2020-3-6":{"cases":5,"deaths":0,"recovered":0,"active":5,"growthFactor":1},"2020-3-7":{"cases":5,"deaths":0,"recovered":0,"active":5,"growthFactor":1},"2020-3-8":{"cases":7,"deaths":0,"recovered":0,"active":7,"growthFactor":1.4},"2020-3-9":{"cases":7,"deaths":0,"recovered":0,"active":7,"growthFactor":1},"2020-3-10":{"cases":22,"deaths":0,"recovered":0,"active":22,"growthFactor":3.142857142857143},"2020-3-11":{"cases":32,"deaths":0,"recovered":0,"active":32,"growthFactor":1.4545454545454546},"2020-3-12":{"cases":47,"deaths":1,"recovered":0,"active":46,"growthFactor":1.46875},"2020-3-13":{"cases":67,"deaths":1,"recovered":0,"active":66,"growthFactor":1.425531914893617},"2020-3-14":{"cases":92,"deaths":1,"recovered":0,"active":91,"growthFactor":1.373134328358209},"2020-3-15":{"cases":137,"deaths":1,"recovered":0,"active":136,"growthFactor":1.4891304347826086},"2020-3-16":{"cases":177,"deaths":1,"recovered":3,"active":173,"growthFactor":1.2919708029197081},"2020-3-17":{"cases":193,"deaths":1,"recovered":3,"active":189,"growthFactor":1.0903954802259888},"2020-3-18":{"cases":242,"deaths":1,"recovered":4,"active":237,"growthFactor":1.2538860103626943},"2020-3-19":{"cases":292,"deaths":1,"recovered":4,"active":287,"growthFactor":1.2066115702479339},"2020-3-20":{"cases":344,"deaths":2,"recovered":12,"active":330,"growthFactor":1.178082191780822},"2020-3-21":{"cases":486,"deaths":5,"recovered":16,"active":465,"growthFactor":1.4127906976744187},"2020-3-22":{"cases":545,"deaths":8,"recovered":20,"active":517,"growthFactor":1.1213991769547325},"2020-3-23":{"cases":594,"deaths":12,"recovered":21,"active":561,"growthFactor":1.089908256880734},"2020-3-24":{"cases":662,"deaths":22,"recovered":30,"active":610,"growthFactor":1.1144781144781144},"2020-3-25":{"cases":779,"deaths":25,"recovered":35,"active":719,"growthFactor":1.1767371601208458},"2020-3-26":{"cases":841,"deaths":27,"recovered":40,"active":774,"growthFactor":1.079589216944801},"2020-3-27":{"cases":900,"deaths":29,"recovered":52,"active":819,"growthFactor":1.070154577883472},"2020-3-28":{"cases":1004,"deaths":33,"recovered":65,"active":906,"growthFactor":1.1155555555555556}},"country":"ESP","url":"https://github.com/datadista/datasets/tree/master/COVID%2019","aggregate":"state","sources":[{"name":"cases","url":"https://raw.githubusercontent.com/datadista/datasets/master/COVID%2019/ccaa_covid19_casos.csv","description":"Cases by date and community"},{"name":"recovered","url":"https://raw.githubusercontent.com/datadista/datasets/master/COVID%2019/ccaa_covid19_altas.csv","description":"Recoveries by date and community"},{"name":"deaths","url":"https://raw.githubusercontent.com/datadista/datasets/master/COVID%2019/ccaa_covid19_fallecidos.csv","description":"Deaths by date and community"}],"curators":[{"name":"Antonio Delgado","url":"https://datadista.com/","twitter":"@adelgado","github":"adelgadob"}],"maintainers":[{"name":"Herb Caudill","url":"https://devresults.com","twitter":"@herbcaudill","github":"herbcaudill"}],"state":"Asturias","rating":0.5882352941176471,"coordinates":[-5.846662500000001,43.274512],"tz":["Europe/Madrid"],"featureId":233,"population":1019993}