{"dates":{"2020-2-27":{"cases":1,"deaths":0,"recovered":0,"active":1},"2020-2-28":{"cases":1,"deaths":0,"recovered":0,"active":1,"growthFactor":1},"2020-2-29":{"cases":2,"deaths":0,"recovered":0,"active":2,"growthFactor":2},"2020-3-1":{"cases":2,"deaths":0,"recovered":0,"active":2,"growthFactor":1},"2020-3-2":{"cases":2,"deaths":0,"recovered":0,"active":2,"growthFactor":1},"2020-3-3":{"cases":2,"deaths":0,"recovered":0,"active":2,"growthFactor":1},"2020-3-4":{"cases":5,"deaths":0,"recovered":0,"active":5,"growthFactor":2.5},"2020-3-5":{"cases":6,"deaths":0,"recovered":0,"active":6,"growthFactor":1.2},"2020-3-6":{"cases":6,"deaths":0,"recovered":0,"active":6,"growthFactor":1},"2020-3-7":{"cases":6,"deaths":0,"recovered":0,"active":6,"growthFactor":1},"2020-3-8":{"cases":8,"deaths":0,"recovered":0,"active":8,"growthFactor":1.3333333333333333},"2020-3-9":{"cases":11,"deaths":0,"recovered":0,"active":11,"growthFactor":1.375},"2020-3-10":{"cases":13,"deaths":0,"recovered":0,"active":13,"growthFactor":1.1818181818181819},"2020-3-11":{"cases":16,"deaths":0,"recovered":0,"active":16,"growthFactor":1.2307692307692308},"2020-3-12":{"cases":22,"deaths":1,"recovered":0,"active":21,"growthFactor":1.375},"2020-3-13":{"cases":30,"deaths":1,"recovered":0,"active":29,"growthFactor":1.3636363636363635},"2020-3-14":{"cases":28,"deaths":1,"recovered":0,"active":27,"growthFactor":0.9333333333333333},"2020-3-15":{"cases":28,"deaths":1,"recovered":0,"active":27,"growthFactor":1},"2020-3-16":{"cases":73,"deaths":1,"recovered":1,"active":71,"growthFactor":2.607142857142857},"2020-3-17":{"cases":92,"deaths":1,"recovered":1,"active":90,"growthFactor":1.2602739726027397},"2020-3-18":{"cases":112,"deaths":1,"recovered":4,"active":107,"growthFactor":1.2173913043478262},"2020-3-19":{"cases":169,"deaths":2,"recovered":6,"active":161,"growthFactor":1.5089285714285714},"2020-3-20":{"cases":203,"deaths":2,"recovered":10,"active":191,"growthFactor":1.2011834319526626},"2020-3-21":{"cases":246,"deaths":4,"recovered":11,"active":231,"growthFactor":1.2118226600985222},"2020-3-22":{"cases":331,"deaths":4,"recovered":17,"active":310,"growthFactor":1.3455284552845528},"2020-3-23":{"cases":400,"deaths":10,"recovered":18,"active":372,"growthFactor":1.2084592145015105},"2020-3-24":{"cases":478,"deaths":10,"recovered":19,"active":449,"growthFactor":1.195},"2020-3-25":{"cases":562,"deaths":13,"recovered":28,"active":521,"growthFactor":1.1757322175732217},"2020-3-26":{"cases":660,"deaths":17,"recovered":39,"active":604,"growthFactor":1.1743772241992882},"2020-3-27":{"cases":755,"deaths":22,"recovered":67,"active":666,"growthFactor":1.143939393939394},"2020-3-28":{"cases":862,"deaths":26,"recovered":80,"active":756,"growthFactor":1.1417218543046357},"2020-3-29":{"cases":958,"deaths":29,"recovered":82,"active":847,"growthFactor":1.111368909512761},"2020-3-30":{"cases":1000,"deaths":37,"recovered":100,"active":863,"growthFactor":1.0438413361169103}},"country":"ESP","url":"https://github.com/datadista/datasets/tree/master/COVID%2019","aggregate":"state","sources":[{"name":"cases","url":"https://raw.githubusercontent.com/datadista/datasets/master/COVID%2019/ccaa_covid19_casos.csv","description":"Cases by date and community"},{"name":"recovered","url":"https://raw.githubusercontent.com/datadista/datasets/master/COVID%2019/ccaa_covid19_altas.csv","description":"Recoveries by date and community"},{"name":"deaths","url":"https://raw.githubusercontent.com/datadista/datasets/master/COVID%2019/ccaa_covid19_fallecidos.csv","description":"Deaths by date and community"}],"curators":[{"name":"Antonio Delgado","url":"https://datadista.com/","twitter":"@adelgado","github":"adelgadob"}],"maintainers":[{"name":"Herb Caudill","url":"https://devresults.com","twitter":"@herbcaudill","github":"herbcaudill"}],"state":"Baleares","rating":0.5882352941176471,"coordinates":[2.742513,39.3679555],"tz":["Europe/Madrid"],"featureId":280,"population":1198576}