{"dates":{"2020-1-22":{"cases":14,"deaths":0,"recovered":0,"active":14},"2020-1-23":{"cases":22,"deaths":0,"recovered":0,"active":22,"growthFactor":1.5714285714285714},"2020-1-24":{"cases":36,"deaths":0,"recovered":1,"active":35,"growthFactor":1.6363636363636365},"2020-1-25":{"cases":41,"deaths":0,"recovered":2,"active":39,"growthFactor":1.1388888888888888},"2020-1-26":{"cases":68,"deaths":0,"recovered":2,"active":66,"growthFactor":1.6585365853658536},"2020-1-27":{"cases":80,"deaths":1,"recovered":2,"active":77,"growthFactor":1.1764705882352942},"2020-1-28":{"cases":91,"deaths":1,"recovered":4,"active":86,"growthFactor":1.1375},"2020-1-29":{"cases":111,"deaths":1,"recovered":4,"active":106,"growthFactor":1.2197802197802199},"2020-1-30":{"cases":114,"deaths":1,"recovered":4,"active":109,"growthFactor":1.027027027027027},"2020-1-31":{"cases":139,"deaths":1,"recovered":5,"active":133,"growthFactor":1.219298245614035},"2020-2-1":{"cases":168,"deaths":1,"recovered":9,"active":158,"growthFactor":1.20863309352518},"2020-2-2":{"cases":191,"deaths":1,"recovered":9,"active":181,"growthFactor":1.1369047619047619},"2020-2-3":{"cases":212,"deaths":1,"recovered":12,"active":199,"growthFactor":1.1099476439790577},"2020-2-4":{"cases":228,"deaths":1,"recovered":23,"active":204,"growthFactor":1.0754716981132075},"2020-2-5":{"cases":253,"deaths":1,"recovered":24,"active":228,"growthFactor":1.1096491228070176},"2020-2-6":{"cases":274,"deaths":1,"recovered":31,"active":242,"growthFactor":1.08300395256917},"2020-2-7":{"cases":297,"deaths":1,"recovered":33,"active":263,"growthFactor":1.083941605839416},"2020-2-8":{"cases":315,"deaths":2,"recovered":34,"active":279,"growthFactor":1.0606060606060606},"2020-2-9":{"cases":326,"deaths":2,"recovered":37,"active":287,"growthFactor":1.034920634920635},"2020-2-10":{"cases":337,"deaths":2,"recovered":44,"active":291,"growthFactor":1.0337423312883436},"2020-2-11":{"cases":342,"deaths":3,"recovered":48,"active":291,"growthFactor":1.0148367952522255},"2020-2-12":{"cases":352,"deaths":3,"recovered":56,"active":293,"growthFactor":1.0292397660818713},"2020-2-13":{"cases":366,"deaths":3,"recovered":69,"active":294,"growthFactor":1.0397727272727273},"2020-2-14":{"cases":372,"deaths":3,"recovered":80,"active":289,"growthFactor":1.0163934426229508},"2020-2-15":{"cases":375,"deaths":4,"recovered":98,"active":273,"growthFactor":1.0080645161290323},"2020-2-16":{"cases":380,"deaths":4,"recovered":108,"active":268,"growthFactor":1.0133333333333334},"2020-2-17":{"cases":381,"deaths":4,"recovered":114,"active":263,"growthFactor":1.0026315789473683},"2020-2-18":{"cases":387,"deaths":4,"recovered":122,"active":261,"growthFactor":1.015748031496063},"2020-2-19":{"cases":393,"deaths":4,"recovered":145,"active":244,"growthFactor":1.0155038759689923},"2020-2-20":{"cases":395,"deaths":4,"recovered":153,"active":238,"growthFactor":1.005089058524173},"2020-2-21":{"cases":396,"deaths":4,"recovered":169,"active":223,"growthFactor":1.0025316455696203},"2020-2-22":{"cases":399,"deaths":4,"recovered":178,"active":217,"growthFactor":1.0075757575757576},"2020-2-23":{"cases":399,"deaths":4,"recovered":189,"active":206,"growthFactor":1},"2020-2-24":{"cases":399,"deaths":4,"recovered":198,"active":197,"growthFactor":1},"2020-2-25":{"cases":400,"deaths":4,"recovered":215,"active":181,"growthFactor":1.0025062656641603},"2020-2-26":{"cases":400,"deaths":4,"recovered":235,"active":161,"growthFactor":1},"2020-2-27":{"cases":410,"deaths":5,"recovered":248,"active":157,"growthFactor":1.025},"2020-2-28":{"cases":410,"deaths":7,"recovered":257,"active":146,"growthFactor":1},"2020-2-29":{"cases":411,"deaths":8,"recovered":271,"active":132,"growthFactor":1.002439024390244},"2020-3-1":{"cases":413,"deaths":8,"recovered":276,"active":129,"growthFactor":1.0048661800486618},"2020-3-2":{"cases":414,"deaths":8,"recovered":282,"active":124,"growthFactor":1.0024213075060533},"2020-3-3":{"cases":414,"deaths":8,"recovered":288,"active":118,"growthFactor":1},"2020-3-4":{"cases":418,"deaths":8,"recovered":297,"active":113,"growthFactor":1.0096618357487923},"2020-3-5":{"cases":418,"deaths":8,"recovered":297,"active":113,"growthFactor":1},"2020-3-6":{"cases":422,"deaths":8,"recovered":299,"active":115,"growthFactor":1.0095693779904307},"2020-3-7":{"cases":426,"deaths":8,"recovered":303,"active":115,"growthFactor":1.009478672985782},"2020-3-8":{"cases":428,"deaths":8,"recovered":308,"active":112,"growthFactor":1.0046948356807512},"2020-3-9":{"cases":428,"deaths":8,"recovered":315,"active":105,"growthFactor":1},"2020-3-10":{"cases":429,"deaths":8,"recovered":320,"active":101,"growthFactor":1.0023364485981308},"2020-3-11":{"cases":435,"deaths":8,"recovered":326,"active":101,"growthFactor":1.013986013986014},"2020-3-12":{"cases":435,"deaths":8,"recovered":334,"active":93,"growthFactor":1},"2020-3-13":{"cases":436,"deaths":8,"recovered":342,"active":86,"growthFactor":1.0022988505747126},"2020-3-14":{"cases":437,"deaths":8,"recovered":349,"active":80,"growthFactor":1.0022935779816513},"2020-3-15":{"cases":442,"deaths":8,"recovered":353,"active":81,"growthFactor":1.011441647597254},"2020-3-16":{"cases":452,"deaths":8,"recovered":360,"active":84,"growthFactor":1.0226244343891402},"2020-3-17":{"cases":456,"deaths":8,"recovered":369,"active":79,"growthFactor":1.008849557522124},"2020-3-18":{"cases":469,"deaths":8,"recovered":378,"active":83,"growthFactor":1.0285087719298245},"2020-3-19":{"cases":480,"deaths":8,"recovered":380,"active":92,"growthFactor":1.023454157782516},"2020-3-20":{"cases":491,"deaths":8,"recovered":390,"active":93,"growthFactor":1.0229166666666667},"2020-3-21":{"cases":504,"deaths":8,"recovered":396,"active":100,"growthFactor":1.0264765784114054},"2020-3-22":{"cases":514,"deaths":8,"recovered":400,"active":106,"growthFactor":1.0198412698412698},"2020-3-23":{"cases":522,"deaths":8,"recovered":400,"active":114,"growthFactor":1.0155642023346303},"2020-3-24":{"cases":558,"deaths":8,"growthFactor":1.0689655172413792},"2020-3-25":{"cases":561,"deaths":8,"growthFactor":1.0053763440860215},"2020-3-26":{"cases":566,"deaths":8,"growthFactor":1.0089126559714796},"2020-3-27":{"cases":569,"deaths":8,"growthFactor":1.0053003533568905},"2020-3-28":{"cases":573,"deaths":8,"growthFactor":1.0070298769771528},"2020-3-29":{"cases":577,"deaths":8,"growthFactor":1.006980802792321},"2020-3-30":{"cases":577,"deaths":8,"growthFactor":1}},"maintainers":[{"name":"Larry Davis","email":"lazdnet@gmail.com","twitter":"lazdnet","github":"lazd","country":"USA","state":"CA","county":"San Francisco","city":"San Francisco","flag":"🇺🇸"}],"url":"https://github.com/CSSEGISandData/COVID-19","curators":[{"name":"JHU CSSE","url":"https://systems.jhu.edu/research/public-health/ncov/"}],"aggregate":"state","country":"CHN","coordinates":[116.42780846573805,40.236575323991985],"state":"Beijing","rating":0.5098039215686274,"tz":["Asia/Shanghai"],"featureId":30,"population":21540000}