{"dates":{"2020-2-27":{"cases":2,"deaths":0,"recovered":0,"active":2},"2020-2-28":{"cases":8,"deaths":0,"recovered":0,"active":8,"growthFactor":4},"2020-2-29":{"cases":10,"deaths":0,"recovered":0,"active":10,"growthFactor":1.25},"2020-3-1":{"cases":15,"deaths":0,"recovered":0,"active":15,"growthFactor":1.5},"2020-3-2":{"cases":15,"deaths":0,"recovered":0,"active":15,"growthFactor":1},"2020-3-3":{"cases":15,"deaths":0,"recovered":0,"active":15,"growthFactor":1},"2020-3-4":{"cases":19,"deaths":1,"recovered":0,"active":18,"growthFactor":1.2666666666666666},"2020-3-5":{"cases":19,"deaths":1,"recovered":0,"active":18,"growthFactor":1},"2020-3-6":{"cases":30,"deaths":1,"recovered":0,"active":29,"growthFactor":1.5789473684210527},"2020-3-7":{"cases":30,"deaths":1,"recovered":0,"active":29,"growthFactor":1},"2020-3-8":{"cases":37,"deaths":1,"recovered":0,"active":36,"growthFactor":1.2333333333333334},"2020-3-9":{"cases":37,"deaths":1,"recovered":0,"active":36,"growthFactor":1},"2020-3-10":{"cases":50,"deaths":1,"recovered":0,"active":49,"growthFactor":1.3513513513513513},"2020-3-11":{"cases":65,"deaths":1,"recovered":0,"active":64,"growthFactor":1.3},"2020-3-12":{"cases":76,"deaths":1,"recovered":0,"active":75,"growthFactor":1.1692307692307693},"2020-3-13":{"cases":94,"deaths":1,"recovered":0,"active":93,"growthFactor":1.236842105263158},"2020-3-14":{"cases":130,"deaths":4,"recovered":0,"active":126,"growthFactor":1.3829787234042554},"2020-3-15":{"cases":409,"deaths":5,"recovered":0,"active":404,"growthFactor":3.146153846153846},"2020-3-16":{"cases":409,"deaths":5,"recovered":2,"active":402,"growthFactor":1},"2020-3-17":{"cases":541,"deaths":13,"recovered":12,"active":516,"growthFactor":1.3227383863080684},"2020-3-18":{"cases":726,"deaths":22,"recovered":16,"active":688,"growthFactor":1.3419593345656193},"2020-3-19":{"cases":921,"deaths":24,"recovered":19,"active":878,"growthFactor":1.2685950413223142},"2020-3-20":{"cases":1105,"deaths":33,"recovered":20,"active":1052,"growthFactor":1.1997828447339849},"2020-3-21":{"cases":1363,"deaths":50,"recovered":25,"active":1288,"growthFactor":1.2334841628959277},"2020-3-22":{"cases":1604,"deaths":69,"recovered":30,"active":1505,"growthFactor":1.1768158473954513},"2020-3-23":{"cases":1901,"deaths":94,"recovered":36,"active":1771,"growthFactor":1.1851620947630923},"2020-3-24":{"cases":2167,"deaths":115,"recovered":37,"active":2015,"growthFactor":1.1399263545502367},"2020-3-25":{"cases":2616,"deaths":143,"recovered":44,"active":2429,"growthFactor":1.2071988924780803},"2020-3-26":{"cases":3200,"deaths":167,"recovered":57,"active":2976,"growthFactor":1.2232415902140672},"2020-3-27":{"cases":3532,"deaths":198,"recovered":73,"active":3261,"growthFactor":1.10375},"2020-3-28":{"cases":4034,"deaths":234,"recovered":92,"active":3708,"growthFactor":1.1421291053227633},"2020-3-29":{"cases":4784,"deaths":267,"recovered":161,"active":4356,"growthFactor":1.1859196826970748},"2020-3-30":{"cases":5110,"deaths":310,"recovered":185,"active":4615,"growthFactor":1.0681438127090301},"2020-3-31":{"cases":5508,"deaths":339,"recovered":200,"active":4969,"growthFactor":1.0778864970645792}},"country":"ESP","url":"https://github.com/datadista/datasets/tree/master/COVID%2019","aggregate":"state","sources":[{"name":"cases","url":"https://raw.githubusercontent.com/datadista/datasets/master/COVID%2019/ccaa_covid19_casos.csv","description":"Cases by date and community"},{"name":"recovered","url":"https://raw.githubusercontent.com/datadista/datasets/master/COVID%2019/ccaa_covid19_altas.csv","description":"Recoveries by date and community"},{"name":"deaths","url":"https://raw.githubusercontent.com/datadista/datasets/master/COVID%2019/ccaa_covid19_fallecidos.csv","description":"Deaths by date and community"}],"curators":[{"name":"Antonio Delgado","url":"https://datadista.com/","twitter":"@adelgado","github":"adelgadob"}],"maintainers":[{"name":"Herb Caudill","url":"https://devresults.com","twitter":"@herbcaudill","github":"herbcaudill"}],"state":"C. Valenciana","rating":0.5882352941176471,"coordinates":[-0.4188955,39.316719000000006],"tz":["Europe/Madrid"],"featureId":274,"population":4998711}