{"dates":{"2020-2-24":{"cases":0,"deaths":0,"recovered":0,"active":0,"tested":10},"2020-2-25":{"cases":0,"deaths":0,"recovered":0,"active":0,"tested":10,"growthFactor":null},"2020-2-26":{"cases":0,"deaths":0,"recovered":0,"active":0,"tested":10,"growthFactor":null},"2020-2-27":{"cases":3,"deaths":0,"recovered":0,"active":3,"tested":10,"growthFactor":null},"2020-2-28":{"cases":4,"deaths":0,"recovered":0,"active":4,"tested":213,"growthFactor":1.3333333333333333},"2020-2-29":{"cases":13,"deaths":0,"recovered":0,"active":13,"tested":373,"growthFactor":3.25},"2020-3-1":{"cases":17,"deaths":0,"recovered":0,"active":17,"tested":373,"growthFactor":1.3076923076923077},"2020-3-2":{"cases":17,"deaths":0,"recovered":0,"active":17,"tested":373,"growthFactor":1},"2020-3-3":{"cases":30,"deaths":0,"recovered":0,"active":30,"tested":405,"growthFactor":1.7647058823529411},"2020-3-4":{"cases":31,"deaths":0,"recovered":0,"active":31,"tested":429,"growthFactor":1.0333333333333334},"2020-3-5":{"cases":45,"deaths":0,"recovered":0,"active":45,"tested":471,"growthFactor":1.4516129032258065},"2020-3-6":{"cases":57,"deaths":0,"recovered":0,"active":57,"tested":471,"growthFactor":1.2666666666666666},"2020-3-7":{"cases":61,"deaths":0,"recovered":0,"active":61,"tested":612,"growthFactor":1.0701754385964912},"2020-3-8":{"cases":101,"deaths":0,"recovered":1,"active":100,"tested":980,"growthFactor":1.6557377049180328},"2020-3-9":{"cases":120,"deaths":0,"recovered":1,"active":119,"tested":980,"growthFactor":1.188118811881188},"2020-3-10":{"cases":127,"deaths":0,"recovered":1,"active":126,"tested":1141,"growthFactor":1.0583333333333333},"2020-3-11":{"cases":154,"deaths":1,"recovered":4,"active":149,"tested":1375,"growthFactor":1.2125984251968505},"2020-3-12":{"cases":179,"deaths":1,"recovered":4,"active":174,"tested":1551,"growthFactor":1.1623376623376624},"2020-3-13":{"cases":220,"deaths":2,"recovered":5,"active":213,"tested":1671,"growthFactor":1.229050279329609},"2020-3-14":{"cases":272,"deaths":6,"recovered":23,"active":243,"tested":1936,"growthFactor":1.2363636363636363},"2020-3-15":{"cases":333,"deaths":9,"recovered":28,"active":296,"tested":2213,"growthFactor":1.224264705882353},"2020-3-16":{"cases":400,"deaths":9,"recovered":28,"active":363,"tested":2517,"growthFactor":1.2012012012012012},"2020-3-17":{"cases":460,"deaths":9,"recovered":28,"active":423,"tested":2685,"growthFactor":1.15},"2020-3-18":{"cases":460,"deaths":9,"recovered":28,"active":423,"tested":2685,"growthFactor":1},"2020-3-19":{"cases":652,"deaths":17,"recovered":30,"active":605,"tested":3544,"growthFactor":1.4173913043478261},"2020-3-20":{"cases":749,"deaths":17,"recovered":30,"active":702,"tested":3845,"growthFactor":1.1487730061349692},"2020-3-21":{"cases":844,"deaths":22,"recovered":29,"active":793,"tested":4448,"growthFactor":1.1268357810413885},"2020-3-22":{"cases":936,"deaths":29,"recovered":41,"active":866,"tested":4943,"growthFactor":1.1090047393364928},"2020-3-23":{"cases":1026,"deaths":49,"recovered":48,"active":929,"tested":5813,"growthFactor":1.0961538461538463},"2020-3-24":{"cases":1101,"deaths":56,"recovered":53,"active":992,"tested":6297,"growthFactor":1.0730994152046784},"2020-3-25":{"cases":1199,"deaths":74,"recovered":53,"active":1072,"tested":6972,"growthFactor":1.0890099909173478},"2020-3-26":{"cases":1310,"deaths":83,"recovered":58,"active":1169,"tested":8346,"growthFactor":1.0925771476230193},"2020-3-27":{"cases":1454,"deaths":98,"recovered":64,"active":1292,"tested":9613,"growthFactor":1.1099236641221375}},"country":"ITA","url":"https://raw.githubusercontent.com/pcm-dpc/COVID-19/master/dati-regioni/dpc-covid19-ita-regioni.csv","aggregate":"state","state":"Campania","rating":0.7058823529411765,"coordinates":[14.783939401902451,40.74896505776182],"tz":["Europe/Rome"],"featureId":322,"population":5801692}