{"dates":{"2020-2-27":{"cases":0,"deaths":0,"recovered":0,"active":0},"2020-2-28":{"cases":0,"deaths":0,"recovered":0,"active":0,"growthFactor":null},"2020-2-29":{"cases":0,"deaths":0,"recovered":0,"active":0,"growthFactor":null},"2020-3-1":{"cases":1,"deaths":0,"recovered":0,"active":1,"growthFactor":null},"2020-3-2":{"cases":3,"deaths":0,"recovered":0,"active":3,"growthFactor":3},"2020-3-3":{"cases":7,"deaths":0,"recovered":0,"active":7,"growthFactor":2.3333333333333335},"2020-3-4":{"cases":12,"deaths":0,"recovered":0,"active":12,"growthFactor":1.7142857142857142},"2020-3-5":{"cases":13,"deaths":0,"recovered":0,"active":13,"growthFactor":1.0833333333333333},"2020-3-6":{"cases":15,"deaths":0,"recovered":0,"active":15,"growthFactor":1.1538461538461537},"2020-3-7":{"cases":15,"deaths":0,"recovered":0,"active":15,"growthFactor":1},"2020-3-8":{"cases":15,"deaths":0,"recovered":0,"active":15,"growthFactor":1},"2020-3-9":{"cases":26,"deaths":0,"recovered":0,"active":26,"growthFactor":1.7333333333333334},"2020-3-10":{"cases":39,"deaths":0,"recovered":0,"active":39,"growthFactor":1.5},"2020-3-11":{"cases":71,"deaths":0,"recovered":0,"active":71,"growthFactor":1.8205128205128205},"2020-3-12":{"cases":115,"deaths":1,"recovered":0,"active":114,"growthFactor":1.619718309859155},"2020-3-13":{"cases":194,"deaths":5,"recovered":0,"active":189,"growthFactor":1.6869565217391305},"2020-3-14":{"cases":289,"deaths":6,"recovered":0,"active":283,"growthFactor":1.4896907216494846},"2020-3-15":{"cases":401,"deaths":10,"recovered":0,"active":391,"growthFactor":1.3875432525951557},"2020-3-16":{"cases":567,"deaths":17,"recovered":12,"active":538,"growthFactor":1.4139650872817955},"2020-3-17":{"cases":567,"deaths":17,"recovered":12,"active":538,"growthFactor":1},"2020-3-18":{"cases":675,"deaths":28,"recovered":15,"active":632,"growthFactor":1.1904761904761905},"2020-3-19":{"cases":801,"deaths":42,"recovered":27,"active":732,"growthFactor":1.1866666666666668},"2020-3-20":{"cases":1044,"deaths":42,"recovered":34,"active":968,"growthFactor":1.303370786516854},"2020-3-21":{"cases":1423,"deaths":84,"recovered":38,"active":1301,"growthFactor":1.3630268199233717},"2020-3-22":{"cases":1819,"deaths":112,"recovered":48,"active":1659,"growthFactor":1.2782853127196065},"2020-3-23":{"cases":2078,"deaths":145,"recovered":51,"active":1882,"growthFactor":1.1423859263331502},"2020-3-24":{"cases":2465,"deaths":216,"recovered":53,"active":2196,"growthFactor":1.1862367661212705},"2020-3-25":{"cases":2780,"deaths":263,"recovered":71,"active":2446,"growthFactor":1.127789046653144},"2020-3-26":{"cases":3383,"deaths":316,"recovered":95,"active":2972,"growthFactor":1.216906474820144},"2020-3-27":{"cases":3934,"deaths":367,"recovered":153,"active":3414,"growthFactor":1.1628731894767959},"2020-3-28":{"cases":4512,"deaths":448,"recovered":197,"active":3867,"growthFactor":1.146924250127097},"2020-3-29":{"cases":5246,"deaths":539,"recovered":236,"active":4471,"growthFactor":1.162677304964539}},"country":"ESP","url":"https://github.com/datadista/datasets/tree/master/COVID%2019","aggregate":"state","sources":[{"name":"cases","url":"https://raw.githubusercontent.com/datadista/datasets/master/COVID%2019/ccaa_covid19_casos.csv","description":"Cases by date and community"},{"name":"recovered","url":"https://raw.githubusercontent.com/datadista/datasets/master/COVID%2019/ccaa_covid19_altas.csv","description":"Recoveries by date and community"},{"name":"deaths","url":"https://raw.githubusercontent.com/datadista/datasets/master/COVID%2019/ccaa_covid19_fallecidos.csv","description":"Deaths by date and community"}],"curators":[{"name":"Antonio Delgado","url":"https://datadista.com/","twitter":"@adelgado","github":"adelgadob"}],"maintainers":[{"name":"Herb Caudill","url":"https://devresults.com","twitter":"@herbcaudill","github":"herbcaudill"}],"state":"Castilla-La Mancha","rating":0.5882352941176471,"coordinates":[-3.1609515,39.6740025],"tz":["Europe/Madrid"],"featureId":240,"population":2038440}