{"dates":{"2020-2-27":{"cases":0,"deaths":0,"recovered":0,"active":0},"2020-2-28":{"cases":2,"deaths":0,"recovered":0,"active":2,"growthFactor":null},"2020-2-29":{"cases":2,"deaths":0,"recovered":0,"active":2,"growthFactor":1},"2020-3-1":{"cases":3,"deaths":0,"recovered":0,"active":3,"growthFactor":1.5},"2020-3-2":{"cases":3,"deaths":0,"recovered":0,"active":3,"growthFactor":1},"2020-3-3":{"cases":8,"deaths":0,"recovered":0,"active":8,"growthFactor":2.6666666666666665},"2020-3-4":{"cases":11,"deaths":0,"recovered":0,"active":11,"growthFactor":1.375},"2020-3-5":{"cases":11,"deaths":0,"recovered":0,"active":11,"growthFactor":1},"2020-3-6":{"cases":14,"deaths":0,"recovered":0,"active":14,"growthFactor":1.2727272727272727},"2020-3-7":{"cases":14,"deaths":0,"recovered":0,"active":14,"growthFactor":1},"2020-3-8":{"cases":22,"deaths":0,"recovered":0,"active":22,"growthFactor":1.5714285714285714},"2020-3-9":{"cases":23,"deaths":0,"recovered":0,"active":23,"growthFactor":1.0454545454545454},"2020-3-10":{"cases":56,"deaths":0,"recovered":0,"active":56,"growthFactor":2.4347826086956523},"2020-3-11":{"cases":71,"deaths":0,"recovered":0,"active":71,"growthFactor":1.2678571428571428},"2020-3-12":{"cases":92,"deaths":0,"recovered":0,"active":92,"growthFactor":1.295774647887324},"2020-3-13":{"cases":169,"deaths":1,"recovered":0,"active":168,"growthFactor":1.8369565217391304},"2020-3-14":{"cases":223,"deaths":3,"recovered":0,"active":220,"growthFactor":1.319526627218935},"2020-3-15":{"cases":292,"deaths":6,"recovered":0,"active":286,"growthFactor":1.3094170403587444},"2020-3-16":{"cases":334,"deaths":9,"recovered":5,"active":320,"growthFactor":1.143835616438356},"2020-3-17":{"cases":431,"deaths":12,"recovered":5,"active":414,"growthFactor":1.2904191616766467},"2020-3-18":{"cases":668,"deaths":22,"recovered":5,"active":641,"growthFactor":1.5498839907192576},"2020-3-19":{"cases":868,"deaths":29,"recovered":27,"active":812,"growthFactor":1.2994011976047903},"2020-3-20":{"cases":1147,"deaths":43,"recovered":37,"active":1067,"growthFactor":1.3214285714285714},"2020-3-21":{"cases":1466,"deaths":55,"recovered":54,"active":1357,"growthFactor":1.2781168265039233},"2020-3-22":{"cases":1744,"deaths":74,"recovered":89,"active":1581,"growthFactor":1.189631650750341},"2020-3-23":{"cases":2055,"deaths":102,"recovered":117,"active":1836,"growthFactor":1.1783256880733946},"2020-3-24":{"cases":2460,"deaths":124,"recovered":140,"active":2196,"growthFactor":1.197080291970803},"2020-3-25":{"cases":2940,"deaths":165,"recovered":213,"active":2562,"growthFactor":1.1951219512195121},"2020-3-26":{"cases":3488,"deaths":206,"recovered":308,"active":2974,"growthFactor":1.1863945578231292},"2020-3-27":{"cases":4132,"deaths":252,"recovered":423,"active":3457,"growthFactor":1.1846330275229358},"2020-3-28":{"cases":4791,"deaths":321,"recovered":585,"active":3885,"growthFactor":1.159486931268151},"2020-3-29":{"cases":5414,"deaths":380,"recovered":752,"active":4282,"growthFactor":1.1300354831976622},"2020-3-30":{"cases":5801,"deaths":442,"recovered":871,"active":4488,"growthFactor":1.0714813446619875},"2020-3-31":{"cases":6211,"deaths":516,"recovered":1028,"active":4667,"growthFactor":1.0706774694018273}},"country":"ESP","url":"https://github.com/datadista/datasets/tree/master/COVID%2019","aggregate":"state","sources":[{"name":"cases","url":"https://raw.githubusercontent.com/datadista/datasets/master/COVID%2019/ccaa_covid19_casos.csv","description":"Cases by date and community"},{"name":"recovered","url":"https://raw.githubusercontent.com/datadista/datasets/master/COVID%2019/ccaa_covid19_altas.csv","description":"Recoveries by date and community"},{"name":"deaths","url":"https://raw.githubusercontent.com/datadista/datasets/master/COVID%2019/ccaa_covid19_fallecidos.csv","description":"Deaths by date and community"}],"curators":[{"name":"Antonio Delgado","url":"https://datadista.com/","twitter":"@adelgado","github":"adelgadob"}],"maintainers":[{"name":"Herb Caudill","url":"https://devresults.com","twitter":"@herbcaudill","github":"herbcaudill"}],"state":"Castilla y León","rating":0.5882352941176471}