{"dates":{"2020-1-22":{"cases":548,"deaths":17,"recovered":28,"active":503},"2020-1-23":{"cases":643,"deaths":18,"recovered":30,"active":595,"growthFactor":1.1733576642335766},"2020-1-24":{"cases":920,"deaths":26,"recovered":36,"active":858,"growthFactor":1.4307931570762054},"2020-1-25":{"cases":1406,"deaths":42,"recovered":39,"active":1325,"growthFactor":1.5282608695652173},"2020-1-26":{"cases":2075,"deaths":56,"recovered":49,"active":1970,"growthFactor":1.4758179231863442},"2020-1-27":{"cases":2877,"deaths":82,"recovered":58,"active":2737,"growthFactor":1.3865060240963856},"2020-1-28":{"cases":5509,"deaths":131,"recovered":101,"active":5277,"growthFactor":1.9148418491484185},"2020-1-29":{"cases":6087,"deaths":133,"recovered":120,"active":5834,"growthFactor":1.10491922308949},"2020-1-30":{"cases":8141,"deaths":171,"recovered":135,"active":7835,"growthFactor":1.3374404468539511},"2020-1-31":{"cases":9802,"deaths":213,"recovered":214,"active":9375,"growthFactor":1.204028989067682},"2020-2-1":{"cases":11891,"deaths":259,"recovered":275,"active":11357,"growthFactor":1.213119771475209},"2020-2-2":{"cases":16630,"deaths":361,"recovered":463,"active":15806,"growthFactor":1.3985367084349507},"2020-2-3":{"cases":19716,"deaths":425,"recovered":614,"active":18677,"growthFactor":1.1855682501503306},"2020-2-4":{"cases":23707,"deaths":491,"recovered":843,"active":22373,"growthFactor":1.2024244268614324},"2020-2-5":{"cases":27440,"deaths":563,"recovered":1115,"active":25762,"growthFactor":1.1574640401569156},"2020-2-6":{"cases":30587,"deaths":633,"recovered":1477,"active":28477,"growthFactor":1.1146865889212827},"2020-2-7":{"cases":34110,"deaths":718,"recovered":1999,"active":31393,"growthFactor":1.1151796514859253},"2020-2-8":{"cases":36814,"deaths":805,"recovered":2596,"active":33413,"growthFactor":1.0792729404866608},"2020-2-9":{"cases":39829,"deaths":905,"recovered":3219,"active":35705,"growthFactor":1.0818981909056338},"2020-2-10":{"cases":42354,"deaths":1012,"recovered":3918,"active":37424,"growthFactor":1.0633960179768511},"2020-2-11":{"cases":44386,"deaths":1112,"recovered":4636,"active":38638,"growthFactor":1.0479765783633186},"2020-2-12":{"cases":44759,"deaths":1117,"recovered":5082,"active":38560,"growthFactor":1.00840355066913},"2020-2-13":{"cases":59895,"deaths":1369,"recovered":6217,"active":52309,"growthFactor":1.3381666257065619},"2020-2-14":{"cases":66358,"deaths":1521,"recovered":7977,"active":56860,"growthFactor":1.107905501293931},"2020-2-15":{"cases":68413,"deaths":1663,"recovered":9298,"active":57452,"growthFactor":1.0309683836161427},"2020-2-16":{"cases":70513,"deaths":1766,"recovered":10755,"active":57992,"growthFactor":1.0306959203660122},"2020-2-17":{"cases":72434,"deaths":1864,"recovered":12462,"active":58108,"growthFactor":1.0272432033809369},"2020-2-18":{"cases":74211,"deaths":2003,"recovered":14206,"active":58002,"growthFactor":1.0245326780241324},"2020-2-19":{"cases":74619,"deaths":2116,"recovered":15962,"active":56541,"growthFactor":1.0054978372478474},"2020-2-20":{"cases":75077,"deaths":2238,"recovered":18014,"active":54825,"growthFactor":1.0061378469290663},"2020-2-21":{"cases":75550,"deaths":2238,"recovered":18704,"active":54608,"growthFactor":1.0063001984629114},"2020-2-22":{"cases":77001,"deaths":2443,"recovered":22699,"active":51859,"growthFactor":1.019205823957644},"2020-2-23":{"cases":77022,"deaths":2445,"recovered":23187,"active":51390,"growthFactor":1.0002727237308606},"2020-2-24":{"cases":77241,"deaths":2595,"recovered":25015,"active":49631,"growthFactor":1.0028433434603101},"2020-2-25":{"cases":77754,"deaths":2665,"recovered":27676,"active":47413,"growthFactor":1.0066415504718997},"2020-2-26":{"cases":78166,"deaths":2717,"recovered":30084,"active":45365,"growthFactor":1.0052987627646166},"2020-2-27":{"cases":78600,"deaths":2746,"recovered":32930,"active":42924,"growthFactor":1.005552286160223},"2020-2-28":{"cases":78928,"deaths":2790,"recovered":36329,"active":39809,"growthFactor":1.0041730279898218},"2020-2-29":{"cases":79356,"deaths":2837,"recovered":39320,"active":37199,"growthFactor":1.0054226636934929},"2020-3-1":{"cases":79932,"deaths":2872,"recovered":42162,"active":34898,"growthFactor":1.0072584303644336},"2020-3-2":{"cases":80136,"deaths":2914,"recovered":44854,"active":32368,"growthFactor":1.0025521693439423},"2020-3-3":{"cases":80261,"deaths":2947,"recovered":47450,"active":29864,"growthFactor":1.0015598482579615},"2020-3-4":{"cases":80386,"deaths":2983,"recovered":50001,"active":27402,"growthFactor":1.001557418920771},"2020-3-5":{"cases":80537,"deaths":3015,"recovered":52292,"active":25230,"growthFactor":1.0018784365436768},"2020-3-6":{"cases":80690,"deaths":3044,"recovered":53944,"active":23702,"growthFactor":1.0018997479419398},"2020-3-7":{"cases":80770,"deaths":3072,"recovered":55539,"active":22159,"growthFactor":1.0009914487544924},"2020-3-8":{"cases":80823,"deaths":3100,"recovered":57388,"active":20335,"growthFactor":1.000656184226817},"2020-3-9":{"cases":80860,"deaths":3123,"recovered":58804,"active":18933,"growthFactor":1.0004577904804326},"2020-3-10":{"cases":80887,"deaths":3139,"recovered":60181,"active":17567,"growthFactor":1.0003339104625277},"2020-3-11":{"cases":80921,"deaths":3161,"recovered":61644,"active":16116,"growthFactor":1.0004203394859494},"2020-3-12":{"cases":80932,"deaths":3172,"recovered":62901,"active":14859,"growthFactor":1.0001359350477625},"2020-3-13":{"cases":80945,"deaths":3180,"recovered":64196,"active":13569,"growthFactor":1.0001606286759255},"2020-3-14":{"cases":80977,"deaths":3193,"recovered":65660,"active":12124,"growthFactor":1.000395330162456},"2020-3-15":{"cases":81003,"deaths":3203,"recovered":67017,"active":10783,"growthFactor":1.0003210788248516},"2020-3-16":{"cases":81033,"deaths":3217,"recovered":67910,"active":9906,"growthFactor":1.0003703566534572},"2020-3-17":{"cases":81058,"deaths":3230,"recovered":68798,"active":9030,"growthFactor":1.0003085162834895},"2020-3-18":{"cases":81102,"deaths":3241,"recovered":69755,"active":8106,"growthFactor":1.0005428211897653},"2020-3-19":{"cases":81156,"deaths":3249,"recovered":70535,"active":7372,"growthFactor":1.00066582821632},"2020-3-20":{"cases":81250,"deaths":3253,"recovered":71266,"active":6731,"growthFactor":1.0011582630982305},"2020-3-21":{"cases":81305,"deaths":3259,"recovered":71857,"active":6189,"growthFactor":1.000676923076923},"2020-3-22":{"cases":81397,"deaths":3265,"recovered":72362,"active":5770,"growthFactor":1.001131541725601},"2020-3-23":{"cases":81439,"deaths":3274,"recovered":72814,"active":5351,"growthFactor":1.0005159895327838},"2020-3-24":{"cases":81591,"deaths":3281,"growthFactor":1.0018664276329523},"2020-3-25":{"cases":81661,"deaths":3285,"growthFactor":1.0008579377627433},"2020-3-26":{"cases":81782,"deaths":3291,"growthFactor":1.0014817354673589},"2020-3-27":{"cases":81897,"deaths":3296,"growthFactor":1.0014061773984495},"2020-3-28":{"cases":81999,"deaths":3299,"growthFactor":1.0012454668669182},"2020-3-29":{"cases":82122,"deaths":3304,"growthFactor":1.001500018292906},"2020-3-30":{"cases":82198,"deaths":3308,"growthFactor":1.0009254523757336},"2020-3-31":{"cases":82279,"deaths":3309,"growthFactor":1.000985425436142},"2020-4-1":{"growthFactor":null}},"maintainers":[{"name":"Larry Davis","email":"lazdnet@gmail.com","twitter":"lazdnet","github":"lazd","country":"USA","state":"CA","county":"San Francisco","city":"San Francisco","flag":"🇺🇸"}],"url":"https://github.com/CSSEGISandData/COVID-19","curators":[{"name":"JHU CSSE","url":"https://systems.jhu.edu/research/public-health/ncov/"}],"country":"CHN","aggregate":"state","rating":0.35294117647058826,"coordinates":[104.18741784700006,35.88048675850005],"tz":["Asia/Shanghai"],"featureId":219,"population":1379302771}