{"dates":{"2020-1-22":{"cases":6,"deaths":0,"recovered":0,"active":6},"2020-1-23":{"cases":9,"deaths":0,"recovered":0,"active":9,"growthFactor":1.5},"2020-1-24":{"cases":27,"deaths":0,"recovered":0,"active":27,"growthFactor":3},"2020-1-25":{"cases":57,"deaths":0,"recovered":0,"active":57,"growthFactor":2.111111111111111},"2020-1-26":{"cases":75,"deaths":0,"recovered":0,"active":75,"growthFactor":1.3157894736842106},"2020-1-27":{"cases":110,"deaths":0,"recovered":0,"active":110,"growthFactor":1.4666666666666666},"2020-1-28":{"cases":132,"deaths":0,"recovered":0,"active":132,"growthFactor":1.2},"2020-1-29":{"cases":147,"deaths":0,"recovered":1,"active":146,"growthFactor":1.1136363636363635},"2020-1-30":{"cases":182,"deaths":0,"recovered":1,"active":181,"growthFactor":1.2380952380952381},"2020-1-31":{"cases":211,"deaths":0,"recovered":1,"active":210,"growthFactor":1.1593406593406594},"2020-2-1":{"cases":247,"deaths":1,"recovered":3,"active":243,"growthFactor":1.1706161137440758},"2020-2-2":{"cases":300,"deaths":2,"recovered":7,"active":291,"growthFactor":1.214574898785425},"2020-2-3":{"cases":337,"deaths":2,"recovered":9,"active":326,"growthFactor":1.1233333333333333},"2020-2-4":{"cases":366,"deaths":2,"recovered":9,"active":355,"growthFactor":1.086053412462908},"2020-2-5":{"cases":389,"deaths":2,"recovered":15,"active":372,"growthFactor":1.0628415300546448},"2020-2-6":{"cases":411,"deaths":2,"recovered":24,"active":385,"growthFactor":1.056555269922879},"2020-2-7":{"cases":426,"deaths":2,"recovered":31,"active":393,"growthFactor":1.0364963503649636},"2020-2-8":{"cases":428,"deaths":2,"recovered":39,"active":387,"growthFactor":1.0046948356807512},"2020-2-9":{"cases":468,"deaths":2,"recovered":51,"active":415,"growthFactor":1.0934579439252337},"2020-2-10":{"cases":486,"deaths":2,"recovered":66,"active":418,"growthFactor":1.0384615384615385},"2020-2-11":{"cases":505,"deaths":3,"recovered":79,"active":423,"growthFactor":1.0390946502057614},"2020-2-12":{"cases":518,"deaths":3,"recovered":102,"active":413,"growthFactor":1.0257425742574258},"2020-2-13":{"cases":529,"deaths":4,"recovered":128,"active":397,"growthFactor":1.0212355212355213},"2020-2-14":{"cases":537,"deaths":5,"recovered":152,"active":380,"growthFactor":1.0151228733459357},"2020-2-15":{"cases":544,"deaths":5,"recovered":184,"active":355,"growthFactor":1.0130353817504656},"2020-2-16":{"cases":551,"deaths":5,"recovered":207,"active":339,"growthFactor":1.0128676470588236},"2020-2-17":{"cases":553,"deaths":5,"recovered":225,"active":323,"growthFactor":1.0036297640653358},"2020-2-18":{"cases":555,"deaths":5,"recovered":254,"active":296,"growthFactor":1.003616636528029},"2020-2-19":{"cases":560,"deaths":5,"recovered":274,"active":281,"growthFactor":1.009009009009009},"2020-2-20":{"cases":567,"deaths":6,"recovered":299,"active":262,"growthFactor":1.0125},"2020-2-21":{"cases":572,"deaths":6,"recovered":316,"active":250,"growthFactor":1.0088183421516754},"2020-2-22":{"cases":573,"deaths":6,"recovered":328,"active":239,"growthFactor":1.0017482517482517},"2020-2-23":{"cases":575,"deaths":6,"recovered":335,"active":234,"growthFactor":1.0034904013961605},"2020-2-24":{"cases":576,"deaths":6,"recovered":349,"active":221,"growthFactor":1.0017391304347827},"2020-2-25":{"cases":576,"deaths":6,"recovered":372,"active":198,"growthFactor":1},"2020-2-26":{"cases":576,"deaths":6,"recovered":384,"active":186,"growthFactor":1},"2020-2-27":{"cases":576,"deaths":6,"recovered":401,"active":169,"growthFactor":1},"2020-2-28":{"cases":576,"deaths":6,"recovered":422,"active":148,"growthFactor":1},"2020-2-29":{"cases":576,"deaths":6,"recovered":438,"active":132,"growthFactor":1},"2020-3-1":{"cases":576,"deaths":6,"recovered":450,"active":120,"growthFactor":1},"2020-3-2":{"cases":576,"deaths":6,"recovered":469,"active":101,"growthFactor":1},"2020-3-3":{"cases":576,"deaths":6,"recovered":490,"active":80,"growthFactor":1},"2020-3-4":{"cases":576,"deaths":6,"recovered":502,"active":68,"growthFactor":1},"2020-3-5":{"cases":576,"deaths":6,"recovered":512,"active":58,"growthFactor":1},"2020-3-6":{"cases":576,"deaths":6,"recovered":513,"active":57,"growthFactor":1},"2020-3-7":{"cases":576,"deaths":6,"recovered":526,"active":44,"growthFactor":1},"2020-3-8":{"cases":576,"deaths":6,"recovered":527,"active":43,"growthFactor":1},"2020-3-9":{"cases":576,"deaths":6,"recovered":542,"active":28,"growthFactor":1},"2020-3-10":{"cases":576,"deaths":6,"recovered":547,"active":23,"growthFactor":1},"2020-3-11":{"cases":576,"deaths":6,"recovered":554,"active":16,"growthFactor":1},"2020-3-12":{"cases":576,"deaths":6,"recovered":564,"active":6,"growthFactor":1},"2020-3-13":{"cases":576,"deaths":6,"recovered":566,"active":4,"growthFactor":1},"2020-3-14":{"cases":576,"deaths":6,"recovered":569,"active":1,"growthFactor":1},"2020-3-15":{"cases":576,"deaths":6,"recovered":570,"active":0,"growthFactor":1},"2020-3-16":{"cases":576,"deaths":6,"recovered":570,"active":0,"growthFactor":1},"2020-3-17":{"cases":576,"deaths":6,"recovered":570,"active":0,"growthFactor":1},"2020-3-18":{"cases":576,"deaths":6,"recovered":570,"active":0,"growthFactor":1},"2020-3-19":{"cases":576,"deaths":6,"recovered":570,"active":0,"growthFactor":1},"2020-3-20":{"cases":576,"deaths":6,"recovered":570,"active":0,"growthFactor":1},"2020-3-21":{"cases":576,"deaths":6,"recovered":570,"active":0,"growthFactor":1},"2020-3-22":{"cases":577,"deaths":6,"recovered":570,"active":1,"growthFactor":1.0017361111111112},"2020-3-23":{"cases":577,"deaths":6,"recovered":570,"active":1,"growthFactor":1},"2020-3-24":{"cases":578,"deaths":6,"growthFactor":1.001733102253033},"2020-3-25":{"cases":578,"deaths":6,"growthFactor":1},"2020-3-26":{"cases":578,"deaths":6,"growthFactor":1},"2020-3-27":{"cases":578,"deaths":6,"growthFactor":1},"2020-3-28":{"cases":578,"deaths":6,"growthFactor":1},"2020-3-29":{"cases":579,"deaths":6,"growthFactor":1.0017301038062283},"2020-3-30":{"cases":579,"deaths":6,"growthFactor":1},"2020-3-31":{"cases":579,"deaths":6,"growthFactor":1},"2020-4-1":{"cases":579,"deaths":6,"growthFactor":1},"2020-4-2":{"cases":579,"deaths":6,"growthFactor":1}},"maintainers":[{"name":"Larry Davis","email":"lazdnet@gmail.com","twitter":"lazdnet","github":"lazd","country":"USA","state":"CA","county":"San Francisco","city":"San Francisco","flag":"🇺🇸"}],"url":"https://github.com/CSSEGISandData/COVID-19","country":"CHN","curators":[{"name":"JHU CSSE","url":"https://systems.jhu.edu/research/public-health/ncov/"}],"aggregate":"state","coordinates":[107.73296451180275,30.198712571927643],"state":"Chongqing","rating":0.5098039215686274,"name":"Chongqing, CHN","level":"state","tz":["Asia/Shanghai"],"featureId":39,"population":31020000}