{"dates":{"2020-2-28":{"cases":0},"2020-3-2":{"cases":0},"2020-3-3":{"cases":0,"growthFactor":null},"2020-3-4":{"cases":0,"growthFactor":null},"2020-3-5":{"cases":3,"deaths":0,"recovered":0,"active":3,"growthFactor":null},"2020-3-6":{"cases":3,"deaths":0,"recovered":0,"active":3,"growthFactor":1},"2020-3-7":{"cases":5,"deaths":0,"recovered":0,"active":5,"growthFactor":1.6666666666666667},"2020-3-9":{"cases":38,"deaths":1,"recovered":0,"active":37},"2020-3-10":{"cases":42,"deaths":2,"recovered":0,"active":40,"growthFactor":1.105263157894737},"2020-3-11":{"cases":51,"deaths":3,"recovered":0,"active":48,"growthFactor":1.2142857142857142},"2020-3-12":{"cases":64,"deaths":3,"recovered":0,"active":61,"growthFactor":1.2549019607843137},"2020-3-13":{"cases":85,"deaths":5,"recovered":0,"active":80,"growthFactor":1.328125},"2020-3-14":{"cases":106,"deaths":5,"growthFactor":1.2470588235294118},"2020-3-15":{"cases":115,"deaths":5,"growthFactor":1.0849056603773586},"2020-3-16":{"cases":126,"deaths":7,"recovered":0,"active":119,"growthFactor":1.0956521739130434},"2020-3-17":{"cases":145,"growthFactor":1.1507936507936507},"2020-3-18":{"cases":152,"deaths":0,"recovered":0,"active":152,"growthFactor":1.0482758620689656},"2020-3-19":{"cases":162,"deaths":1,"recovered":1,"active":160,"growthFactor":1.0657894736842106},"2020-3-20":{"cases":168,"deaths":3,"recovered":33,"active":132,"growthFactor":1.037037037037037},"2020-3-21":{"cases":173,"deaths":4,"recovered":35,"active":134,"growthFactor":1.0297619047619047},"2020-3-22":{"cases":183,"deaths":6,"recovered":36,"active":141,"growthFactor":1.0578034682080926},"2020-3-23":{"cases":194,"deaths":7,"recovered":45,"active":142,"growthFactor":1.0601092896174864},"2020-3-24":{"cases":217,"deaths":7,"recovered":51,"active":159,"growthFactor":1.1185567010309279},"2020-3-25":{"cases":225,"deaths":15,"recovered":54,"active":156,"growthFactor":1.0368663594470047},"2020-3-26":{"cases":250,"deaths":19,"recovered":63,"active":168,"growthFactor":1.1111111111111112},"2020-3-27":{"cases":263,"deaths":19,"recovered":70,"active":174,"growthFactor":1.052},"2020-3-28":{"deaths":19,"recovered":71,"growthFactor":null},"2020-3-29":{"deaths":19,"recovered":79,"growthFactor":null},"2020-3-30":{"deaths":19,"recovered":91,"growthFactor":null},"2020-3-31":{"deaths":20,"recovered":100,"growthFactor":null},"2020-4-1":{"deaths":21,"recovered":102,"growthFactor":null},"2020-4-2":{"deaths":23,"recovered":110,"growthFactor":null}},"country":"FRA","url":"https://raw.githubusercontent.com/opencovid19-fr/data/master/dist/chiffres-cles.csv","state":"Corse","population":337796,"rating":0.47058823529411764,"name":"Corse, FRA","level":"state","coordinates":[9.04966440635685,42.186944409099496],"tz":["Europe/Paris"],"featureId":302}