{"dates":{"2020-2-24":{"cases":18,"deaths":0,"recovered":0,"active":18,"tested":148},"2020-2-25":{"cases":26,"deaths":0,"recovered":0,"active":26,"tested":391,"growthFactor":1.4444444444444444},"2020-2-26":{"cases":47,"deaths":1,"recovered":0,"active":46,"tested":577,"growthFactor":1.8076923076923077},"2020-2-27":{"cases":97,"deaths":1,"recovered":0,"active":96,"tested":1033,"growthFactor":2.0638297872340425},"2020-2-28":{"cases":145,"deaths":2,"recovered":0,"active":143,"tested":1277,"growthFactor":1.4948453608247423},"2020-2-29":{"cases":217,"deaths":4,"recovered":0,"active":213,"tested":1550,"growthFactor":1.4965517241379311},"2020-3-1":{"cases":285,"deaths":8,"recovered":0,"active":277,"tested":1795,"growthFactor":1.3133640552995391},"2020-3-2":{"cases":335,"deaths":11,"recovered":0,"active":324,"tested":1973,"growthFactor":1.1754385964912282},"2020-3-3":{"cases":420,"deaths":18,"recovered":4,"active":398,"tested":2012,"growthFactor":1.2537313432835822},"2020-3-4":{"cases":544,"deaths":22,"recovered":6,"active":516,"tested":2500,"growthFactor":1.2952380952380953},"2020-3-5":{"cases":698,"deaths":30,"recovered":10,"active":658,"tested":2884,"growthFactor":1.2830882352941178},"2020-3-6":{"cases":870,"deaths":37,"recovered":17,"active":816,"tested":3136,"growthFactor":1.2464183381088825},"2020-3-7":{"cases":1010,"deaths":48,"recovered":25,"active":937,"tested":3604,"growthFactor":1.160919540229885},"2020-3-8":{"cases":1180,"deaths":56,"recovered":27,"active":1097,"tested":4344,"growthFactor":1.1683168316831682},"2020-3-9":{"cases":1386,"deaths":70,"recovered":30,"active":1286,"tested":4906,"growthFactor":1.1745762711864407},"2020-3-10":{"cases":1533,"deaths":85,"recovered":31,"active":1417,"tested":5494,"growthFactor":1.106060606060606},"2020-3-11":{"cases":1739,"deaths":113,"recovered":38,"active":1588,"tested":6640,"growthFactor":1.1343770384866276},"2020-3-12":{"cases":1947,"deaths":146,"recovered":43,"active":1758,"tested":7600,"growthFactor":1.1196089706728005},"2020-3-13":{"cases":2263,"deaths":201,"recovered":51,"active":2011,"tested":8787,"growthFactor":1.1623009758602978},"2020-3-14":{"cases":2644,"deaths":241,"recovered":54,"active":2349,"tested":10043,"growthFactor":1.1683605832965092},"2020-3-15":{"cases":3093,"deaths":284,"recovered":68,"active":2741,"tested":12054,"growthFactor":1.16981845688351},"2020-3-16":{"cases":3522,"deaths":346,"recovered":88,"active":3088,"tested":13096,"growthFactor":1.1387002909796313},"2020-3-17":{"cases":3931,"deaths":393,"recovered":134,"active":3404,"tested":14510,"growthFactor":1.1161272004542873},"2020-3-18":{"cases":4525,"deaths":458,"recovered":152,"active":3915,"tested":15461,"growthFactor":1.1511065886542864},"2020-3-19":{"cases":5214,"deaths":531,"recovered":177,"active":4506,"tested":18344,"growthFactor":1.1522651933701658},"2020-3-20":{"cases":5968,"deaths":640,"recovered":239,"active":5089,"tested":20753,"growthFactor":1.1446106635980053},"2020-3-21":{"cases":6705,"deaths":715,"recovered":329,"active":5661,"tested":24620,"growthFactor":1.1234919571045576},"2020-3-22":{"cases":7555,"deaths":816,"recovered":349,"active":6390,"tested":28022,"growthFactor":1.1267710663683819},"2020-3-23":{"cases":8535,"deaths":892,"recovered":423,"active":7220,"tested":31200,"growthFactor":1.1297154202514892},"2020-3-24":{"cases":9254,"deaths":985,"recovered":558,"active":7711,"tested":33527,"growthFactor":1.084241359109549},"2020-3-25":{"cases":10054,"deaths":1077,"recovered":721,"active":8256,"tested":38045,"growthFactor":1.0864491030905554},"2020-3-26":{"cases":10816,"deaths":1174,"recovered":792,"active":8850,"tested":42395,"growthFactor":1.0757907300576885},"2020-3-27":{"cases":11588,"deaths":1267,"recovered":960,"active":9361,"tested":47798,"growthFactor":1.0713757396449703},"2020-3-28":{"cases":12383,"deaths":1344,"recovered":1075,"active":9964,"tested":52991,"growthFactor":1.068605453917846},"2020-3-29":{"cases":13119,"deaths":1443,"recovered":1141,"active":10535,"tested":52991,"growthFactor":1.0594363239925704},"2020-3-30":{"cases":13531,"deaths":1538,"recovered":1227,"active":10766,"tested":50990,"growthFactor":1.0314048326854182},"2020-3-31":{"cases":14074,"deaths":1644,"recovered":1477,"active":10953,"tested":54532,"growthFactor":1.0401300716872368},"2020-4-1":{"cases":14787,"deaths":1732,"recovered":1566,"active":11489,"tested":58457,"growthFactor":1.050660792951542}},"country":"ITA","url":"https://raw.githubusercontent.com/pcm-dpc/COVID-19/master/dati-regioni/dpc-covid19-ita-regioni.csv","aggregate":"state","state":"Emilia-Romagna","rating":0.7058823529411765,"coordinates":[12.428037128200344,43.962721009377134],"tz":["Europe/Rome"],"featureId":5834}