{"dates":{"2020-2-27":{"cases":0,"deaths":0,"recovered":0,"active":0},"2020-2-28":{"cases":0,"deaths":0,"recovered":0,"active":0,"growthFactor":null},"2020-2-29":{"cases":0,"deaths":0,"recovered":0,"active":0,"growthFactor":null},"2020-3-1":{"cases":4,"deaths":0,"recovered":0,"active":4,"growthFactor":null},"2020-3-2":{"cases":6,"deaths":0,"recovered":0,"active":6,"growthFactor":1.5},"2020-3-3":{"cases":6,"deaths":0,"recovered":0,"active":6,"growthFactor":1},"2020-3-4":{"cases":6,"deaths":0,"recovered":0,"active":6,"growthFactor":1},"2020-3-5":{"cases":6,"deaths":0,"recovered":0,"active":6,"growthFactor":1},"2020-3-6":{"cases":6,"deaths":0,"recovered":0,"active":6,"growthFactor":1},"2020-3-7":{"cases":6,"deaths":0,"recovered":0,"active":6,"growthFactor":1},"2020-3-8":{"cases":6,"deaths":0,"recovered":0,"active":6,"growthFactor":1},"2020-3-9":{"cases":7,"deaths":0,"recovered":0,"active":7,"growthFactor":1.1666666666666667},"2020-3-10":{"cases":8,"deaths":0,"recovered":0,"active":8,"growthFactor":1.1428571428571428},"2020-3-11":{"cases":9,"deaths":0,"recovered":0,"active":9,"growthFactor":1.125},"2020-3-12":{"cases":19,"deaths":1,"recovered":0,"active":18,"growthFactor":2.111111111111111},"2020-3-13":{"cases":39,"deaths":1,"recovered":0,"active":38,"growthFactor":2.0526315789473686},"2020-3-14":{"cases":66,"deaths":2,"recovered":0,"active":64,"growthFactor":1.6923076923076923},"2020-3-15":{"cases":95,"deaths":2,"recovered":0,"active":93,"growthFactor":1.4393939393939394},"2020-3-16":{"cases":111,"deaths":2,"recovered":4,"active":105,"growthFactor":1.168421052631579},"2020-3-17":{"cases":153,"deaths":3,"recovered":5,"active":145,"growthFactor":1.3783783783783783},"2020-3-18":{"cases":194,"deaths":6,"recovered":6,"active":182,"growthFactor":1.2679738562091503},"2020-3-19":{"cases":241,"deaths":8,"recovered":6,"active":227,"growthFactor":1.2422680412371134},"2020-3-20":{"cases":297,"deaths":10,"recovered":7,"active":280,"growthFactor":1.2323651452282158},"2020-3-21":{"cases":354,"deaths":12,"recovered":8,"active":334,"growthFactor":1.1919191919191918},"2020-3-22":{"cases":384,"deaths":14,"recovered":8,"active":362,"growthFactor":1.0847457627118644},"2020-3-23":{"cases":493,"deaths":18,"recovered":6,"active":469,"growthFactor":1.2838541666666667},"2020-3-24":{"cases":636,"deaths":26,"recovered":8,"active":602,"growthFactor":1.2900608519269776},"2020-3-25":{"cases":742,"deaths":39,"recovered":8,"active":695,"growthFactor":1.1666666666666667},"2020-3-26":{"cases":969,"deaths":58,"recovered":24,"active":887,"growthFactor":1.3059299191374663},"2020-3-27":{"cases":1231,"deaths":69,"recovered":33,"active":1129,"growthFactor":1.2703818369453044},"2020-3-28":{"cases":1394,"deaths":88,"recovered":49,"active":1257,"growthFactor":1.132412672623883},"2020-3-29":{"cases":1456,"deaths":100,"recovered":51,"active":1305,"growthFactor":1.0444763271162123},"2020-3-30":{"cases":1560,"deaths":106,"recovered":60,"active":1394,"growthFactor":1.0714285714285714},"2020-3-31":{"cases":1628,"deaths":133,"recovered":91,"active":1404,"growthFactor":1.0435897435897437},"2020-4-1":{"cases":1679,"deaths":152,"recovered":113,"active":1414,"growthFactor":1.0313267813267812},"2020-4-2":{"cases":1837,"deaths":181,"recovered":139,"active":1517,"growthFactor":1.0941036331149494}},"country":"ESP","url":"https://github.com/datadista/datasets/tree/master/COVID%2019","aggregate":"state","sources":[{"name":"Ministerio de Sanidad","url":"https://www.mscbs.gob.es/profesionales/saludPublica/ccayes/alertasActual/nCov-China/situacionActual.htm","description":"Government of Spain, Ministry of Health"},{"name":"Departamento de Seguridad Nacional","url":"https://www.dsn.gob.es/gl/current-affairs/press-room","description":"Government of Spain, Department of National Security"}],"curators":[{"name":"Antonio Delgado","url":"https://datadista.com/","twitter":"@adelgado","github":"adelgadob"}],"maintainers":[{"name":"Herb Caudill","url":"https://devresults.com","twitter":"@herbcaudill","github":"herbcaudill"}],"state":"Extremadura","rating":0.6274509803921569,"name":"Extremadura, ESP","level":"state","coordinates":[-6.096301,39.213814],"tz":["Europe/Madrid"],"featureId":281,"population":1062797}