{"dates":{"2020-2-27":{"cases":0,"deaths":0,"recovered":0,"active":0},"2020-2-28":{"cases":0,"deaths":0,"recovered":0,"active":0,"growthFactor":null},"2020-2-29":{"cases":0,"deaths":0,"recovered":0,"active":0,"growthFactor":null},"2020-3-1":{"cases":0,"deaths":0,"recovered":0,"active":0,"growthFactor":null},"2020-3-2":{"cases":0,"deaths":0,"recovered":0,"active":0,"growthFactor":null},"2020-3-3":{"cases":0,"deaths":0,"recovered":0,"active":0,"growthFactor":null},"2020-3-4":{"cases":1,"deaths":0,"recovered":0,"active":1,"growthFactor":null},"2020-3-5":{"cases":1,"deaths":0,"recovered":0,"active":1,"growthFactor":1},"2020-3-6":{"cases":3,"deaths":0,"recovered":0,"active":3,"growthFactor":3},"2020-3-7":{"cases":3,"deaths":0,"recovered":0,"active":3,"growthFactor":1},"2020-3-8":{"cases":5,"deaths":0,"recovered":0,"active":5,"growthFactor":1.6666666666666667},"2020-3-9":{"cases":6,"deaths":0,"recovered":0,"active":6,"growthFactor":1.2},"2020-3-10":{"cases":22,"deaths":0,"recovered":0,"active":22,"growthFactor":3.6666666666666665},"2020-3-11":{"cases":39,"deaths":0,"recovered":0,"active":39,"growthFactor":1.7727272727272727},"2020-3-12":{"cases":35,"deaths":0,"recovered":0,"active":35,"growthFactor":0.8974358974358975},"2020-3-13":{"cases":85,"deaths":0,"recovered":0,"active":85,"growthFactor":2.4285714285714284},"2020-3-14":{"cases":115,"deaths":0,"recovered":0,"active":115,"growthFactor":1.3529411764705883},"2020-3-15":{"cases":195,"deaths":2,"recovered":0,"active":193,"growthFactor":1.6956521739130435},"2020-3-16":{"cases":245,"deaths":2,"recovered":4,"active":239,"growthFactor":1.2564102564102564},"2020-3-17":{"cases":292,"deaths":3,"recovered":7,"active":282,"growthFactor":1.1918367346938776},"2020-3-18":{"cases":341,"deaths":3,"recovered":7,"active":331,"growthFactor":1.167808219178082},"2020-3-19":{"cases":453,"deaths":4,"recovered":4,"active":445,"growthFactor":1.3284457478005864},"2020-3-20":{"cases":578,"deaths":5,"recovered":5,"active":568,"growthFactor":1.2759381898454747},"2020-3-21":{"cases":739,"deaths":9,"recovered":6,"active":724,"growthFactor":1.278546712802768},"2020-3-22":{"cases":915,"deaths":12,"recovered":16,"active":887,"growthFactor":1.2381596752368065},"2020-3-23":{"cases":1208,"deaths":18,"recovered":19,"active":1171,"growthFactor":1.3202185792349728},"2020-3-24":{"cases":1415,"deaths":20,"recovered":19,"active":1376,"growthFactor":1.1713576158940397},"2020-3-25":{"cases":1653,"deaths":27,"recovered":25,"active":1601,"growthFactor":1.1681978798586572},"2020-3-26":{"cases":1915,"deaths":32,"recovered":47,"active":1836,"growthFactor":1.1584996975196613},"2020-3-27":{"cases":2322,"deaths":43,"recovered":67,"active":2212,"growthFactor":1.2125326370757181},"2020-3-28":{"cases":2772,"deaths":47,"recovered":95,"active":2630,"growthFactor":1.193798449612403},"2020-3-29":{"cases":3139,"deaths":60,"recovered":153,"active":2926,"growthFactor":1.1323953823953823},"2020-3-30":{"cases":3723,"deaths":66,"recovered":168,"active":3489,"growthFactor":1.186046511627907},"2020-3-31":{"cases":4039,"deaths":84,"recovered":187,"active":3768,"growthFactor":1.0848777867311308}},"country":"ESP","url":"https://github.com/datadista/datasets/tree/master/COVID%2019","aggregate":"state","sources":[{"name":"cases","url":"https://raw.githubusercontent.com/datadista/datasets/master/COVID%2019/ccaa_covid19_casos.csv","description":"Cases by date and community"},{"name":"recovered","url":"https://raw.githubusercontent.com/datadista/datasets/master/COVID%2019/ccaa_covid19_altas.csv","description":"Recoveries by date and community"},{"name":"deaths","url":"https://raw.githubusercontent.com/datadista/datasets/master/COVID%2019/ccaa_covid19_fallecidos.csv","description":"Deaths by date and community"}],"curators":[{"name":"Antonio Delgado","url":"https://datadista.com/","twitter":"@adelgado","github":"adelgadob"}],"maintainers":[{"name":"Herb Caudill","url":"https://devresults.com","twitter":"@herbcaudill","github":"herbcaudill"}],"state":"Galicia","rating":0.5882352941176471}