{"dates":{"2020-1-22":{"cases":0,"deaths":0,"recovered":0,"active":0},"2020-1-23":{"cases":2,"deaths":0,"recovered":0,"active":2,"growthFactor":null},"2020-1-24":{"cases":2,"deaths":0,"recovered":0,"active":2,"growthFactor":1},"2020-1-25":{"cases":4,"deaths":0,"recovered":0,"active":4,"growthFactor":2},"2020-1-26":{"cases":7,"deaths":0,"recovered":0,"active":7,"growthFactor":1.75},"2020-1-27":{"cases":14,"deaths":0,"recovered":0,"active":14,"growthFactor":2},"2020-1-28":{"cases":19,"deaths":0,"recovered":0,"active":19,"growthFactor":1.3571428571428572},"2020-1-29":{"cases":24,"deaths":0,"recovered":0,"active":24,"growthFactor":1.263157894736842},"2020-1-30":{"cases":26,"deaths":0,"recovered":0,"active":26,"growthFactor":1.0833333333333333},"2020-1-31":{"cases":29,"deaths":0,"recovered":0,"active":29,"growthFactor":1.1153846153846154},"2020-2-1":{"cases":40,"deaths":0,"recovered":0,"active":40,"growthFactor":1.3793103448275863},"2020-2-2":{"cases":51,"deaths":0,"recovered":3,"active":48,"growthFactor":1.275},"2020-2-3":{"cases":55,"deaths":0,"recovered":3,"active":52,"growthFactor":1.0784313725490196},"2020-2-4":{"cases":57,"deaths":0,"recovered":4,"active":53,"growthFactor":1.0363636363636364},"2020-2-5":{"cases":62,"deaths":0,"recovered":6,"active":56,"growthFactor":1.087719298245614},"2020-2-6":{"cases":62,"deaths":0,"recovered":6,"active":56,"growthFactor":1},"2020-2-7":{"cases":67,"deaths":0,"recovered":9,"active":58,"growthFactor":1.0806451612903225},"2020-2-8":{"cases":79,"deaths":1,"recovered":12,"active":66,"growthFactor":1.1791044776119404},"2020-2-9":{"cases":83,"deaths":2,"recovered":16,"active":65,"growthFactor":1.0506329113924051},"2020-2-10":{"cases":83,"deaths":2,"recovered":17,"active":64,"growthFactor":1},"2020-2-11":{"cases":86,"deaths":2,"recovered":24,"active":60,"growthFactor":1.036144578313253},"2020-2-12":{"cases":87,"deaths":2,"recovered":31,"active":54,"growthFactor":1.0116279069767442},"2020-2-13":{"cases":90,"deaths":2,"recovered":39,"active":49,"growthFactor":1.0344827586206897},"2020-2-14":{"cases":90,"deaths":2,"recovered":39,"active":49,"growthFactor":1},"2020-2-15":{"cases":90,"deaths":2,"recovered":49,"active":39,"growthFactor":1},"2020-2-16":{"cases":90,"deaths":2,"recovered":54,"active":34,"growthFactor":1},"2020-2-17":{"cases":91,"deaths":2,"recovered":58,"active":31,"growthFactor":1.011111111111111},"2020-2-18":{"cases":91,"deaths":2,"recovered":62,"active":27,"growthFactor":1},"2020-2-19":{"cases":91,"deaths":2,"recovered":65,"active":24,"growthFactor":1},"2020-2-20":{"cases":91,"deaths":2,"recovered":71,"active":18,"growthFactor":1},"2020-2-21":{"cases":91,"deaths":2,"recovered":76,"active":13,"growthFactor":1},"2020-2-22":{"cases":91,"deaths":2,"recovered":76,"active":13,"growthFactor":1},"2020-2-23":{"cases":91,"deaths":2,"recovered":78,"active":11,"growthFactor":1},"2020-2-24":{"cases":91,"deaths":2,"recovered":80,"active":9,"growthFactor":1},"2020-2-25":{"cases":91,"deaths":2,"recovered":80,"active":9,"growthFactor":1},"2020-2-26":{"cases":91,"deaths":2,"recovered":81,"active":8,"growthFactor":1},"2020-2-27":{"cases":91,"deaths":2,"recovered":81,"active":8,"growthFactor":1},"2020-2-28":{"cases":91,"deaths":2,"recovered":82,"active":7,"growthFactor":1},"2020-2-29":{"cases":91,"deaths":2,"recovered":82,"active":7,"growthFactor":1},"2020-3-1":{"cases":91,"deaths":2,"recovered":84,"active":5,"growthFactor":1},"2020-3-2":{"cases":91,"deaths":2,"recovered":85,"active":4,"growthFactor":1},"2020-3-3":{"cases":91,"deaths":2,"recovered":86,"active":3,"growthFactor":1},"2020-3-4":{"cases":91,"deaths":2,"recovered":87,"active":2,"growthFactor":1},"2020-3-5":{"cases":102,"deaths":2,"recovered":87,"active":13,"growthFactor":1.120879120879121},"2020-3-6":{"cases":119,"deaths":2,"recovered":87,"active":30,"growthFactor":1.1666666666666667},"2020-3-7":{"cases":120,"deaths":2,"recovered":87,"active":31,"growthFactor":1.0084033613445378},"2020-3-8":{"cases":124,"deaths":2,"recovered":87,"active":35,"growthFactor":1.0333333333333334},"2020-3-9":{"cases":124,"deaths":2,"recovered":88,"active":34,"growthFactor":1},"2020-3-10":{"cases":125,"deaths":2,"recovered":88,"active":35,"growthFactor":1.0080645161290323},"2020-3-11":{"cases":127,"deaths":2,"recovered":88,"active":37,"growthFactor":1.016},"2020-3-12":{"cases":127,"deaths":2,"recovered":88,"active":37,"growthFactor":1},"2020-3-13":{"cases":127,"deaths":2,"recovered":88,"active":37,"growthFactor":1},"2020-3-14":{"cases":129,"deaths":2,"recovered":89,"active":38,"growthFactor":1.015748031496063},"2020-3-15":{"cases":133,"deaths":2,"recovered":91,"active":40,"growthFactor":1.0310077519379846},"2020-3-16":{"cases":133,"deaths":2,"recovered":91,"active":40,"growthFactor":1},"2020-3-17":{"cases":133,"deaths":2,"recovered":91,"active":40,"growthFactor":1},"2020-3-18":{"cases":133,"deaths":2,"recovered":91,"active":40,"growthFactor":1},"2020-3-19":{"cases":134,"deaths":2,"recovered":91,"active":41,"growthFactor":1.0075187969924813},"2020-3-20":{"cases":134,"deaths":2,"recovered":98,"active":34,"growthFactor":1},"2020-3-21":{"cases":134,"deaths":2,"recovered":113,"active":19,"growthFactor":1},"2020-3-22":{"cases":136,"deaths":2,"recovered":114,"active":20,"growthFactor":1.0149253731343284},"2020-3-23":{"cases":136,"deaths":2,"recovered":114,"active":20,"growthFactor":1},"2020-3-24":{"cases":136,"deaths":2,"growthFactor":1},"2020-3-25":{"cases":136,"deaths":2,"growthFactor":1},"2020-3-26":{"cases":136,"deaths":2,"growthFactor":1},"2020-3-27":{"cases":136,"deaths":2,"growthFactor":1},"2020-3-28":{"cases":136,"deaths":2,"growthFactor":1},"2020-3-29":{"cases":138,"deaths":2,"growthFactor":1.0147058823529411},"2020-3-30":{"cases":138,"deaths":2,"growthFactor":1},"2020-3-31":{"cases":138,"deaths":2,"growthFactor":1},"2020-4-1":{"cases":138,"deaths":2,"growthFactor":1}},"maintainers":[{"name":"Larry Davis","email":"lazdnet@gmail.com","twitter":"lazdnet","github":"lazd","country":"USA","state":"CA","county":"San Francisco","city":"San Francisco","flag":"🇺🇸"}],"url":"https://github.com/CSSEGISandData/COVID-19","curators":[{"name":"JHU CSSE","url":"https://systems.jhu.edu/research/public-health/ncov/"}],"aggregate":"state","country":"CHN","coordinates":[100.73804263765757,37.69770367228662],"state":"Gansu","rating":0.5098039215686274,"tz":["Asia/Shanghai"],"featureId":33,"population":26370000}