{"dates":{"2020-1-22":{"cases":1,"deaths":0,"recovered":0,"active":1},"2020-1-23":{"cases":3,"deaths":0,"recovered":0,"active":3,"growthFactor":3},"2020-1-24":{"cases":3,"deaths":0,"recovered":0,"active":3,"growthFactor":1},"2020-1-25":{"cases":4,"deaths":0,"recovered":0,"active":4,"growthFactor":1.3333333333333333},"2020-1-26":{"cases":5,"deaths":0,"recovered":0,"active":5,"growthFactor":1.25},"2020-1-27":{"cases":7,"deaths":0,"recovered":0,"active":7,"growthFactor":1.4},"2020-1-28":{"cases":9,"deaths":0,"recovered":0,"active":9,"growthFactor":1.2857142857142858},"2020-1-29":{"cases":9,"deaths":0,"recovered":1,"active":8,"growthFactor":1},"2020-1-30":{"cases":12,"deaths":0,"recovered":1,"active":11,"growthFactor":1.3333333333333333},"2020-1-31":{"cases":29,"deaths":0,"recovered":2,"active":27,"growthFactor":2.4166666666666665},"2020-2-1":{"cases":29,"deaths":0,"recovered":2,"active":27,"growthFactor":1},"2020-2-2":{"cases":38,"deaths":0,"recovered":2,"active":36,"growthFactor":1.3103448275862069},"2020-2-3":{"cases":46,"deaths":0,"recovered":2,"active":44,"growthFactor":1.2105263157894737},"2020-2-4":{"cases":58,"deaths":0,"recovered":2,"active":56,"growthFactor":1.2608695652173914},"2020-2-5":{"cases":64,"deaths":1,"recovered":9,"active":54,"growthFactor":1.103448275862069},"2020-2-6":{"cases":71,"deaths":1,"recovered":6,"active":64,"growthFactor":1.109375},"2020-2-7":{"cases":81,"deaths":1,"recovered":6,"active":74,"growthFactor":1.1408450704225352},"2020-2-8":{"cases":89,"deaths":1,"recovered":7,"active":81,"growthFactor":1.0987654320987654},"2020-2-9":{"cases":99,"deaths":1,"recovered":7,"active":91,"growthFactor":1.1123595505617978},"2020-2-10":{"cases":109,"deaths":1,"recovered":10,"active":98,"growthFactor":1.101010101010101},"2020-2-11":{"cases":127,"deaths":1,"recovered":17,"active":109,"growthFactor":1.165137614678899},"2020-2-12":{"cases":133,"deaths":1,"recovered":18,"active":114,"growthFactor":1.047244094488189},"2020-2-13":{"cases":135,"deaths":1,"recovered":27,"active":107,"growthFactor":1.0150375939849625},"2020-2-14":{"cases":140,"deaths":1,"recovered":28,"active":111,"growthFactor":1.037037037037037},"2020-2-15":{"cases":143,"deaths":1,"recovered":41,"active":101,"growthFactor":1.0214285714285714},"2020-2-16":{"cases":144,"deaths":1,"recovered":46,"active":97,"growthFactor":1.006993006993007},"2020-2-17":{"cases":146,"deaths":1,"recovered":57,"active":88,"growthFactor":1.0138888888888888},"2020-2-18":{"cases":146,"deaths":2,"recovered":66,"active":78,"growthFactor":1},"2020-2-19":{"cases":146,"deaths":2,"recovered":70,"active":74,"growthFactor":1},"2020-2-20":{"cases":146,"deaths":2,"recovered":72,"active":72,"growthFactor":1},"2020-2-21":{"cases":146,"deaths":2,"recovered":77,"active":67,"growthFactor":1},"2020-2-22":{"cases":146,"deaths":2,"recovered":90,"active":54,"growthFactor":1},"2020-2-23":{"cases":146,"deaths":2,"recovered":102,"active":42,"growthFactor":1},"2020-2-24":{"cases":146,"deaths":2,"recovered":102,"active":42,"growthFactor":1},"2020-2-25":{"cases":146,"deaths":2,"recovered":104,"active":40,"growthFactor":1},"2020-2-26":{"cases":146,"deaths":2,"recovered":104,"active":40,"growthFactor":1},"2020-2-27":{"cases":146,"deaths":2,"recovered":112,"active":32,"growthFactor":1},"2020-2-28":{"cases":146,"deaths":2,"recovered":112,"active":32,"growthFactor":1},"2020-2-29":{"cases":146,"deaths":2,"recovered":112,"active":32,"growthFactor":1},"2020-3-1":{"cases":146,"deaths":2,"recovered":112,"active":32,"growthFactor":1},"2020-3-2":{"cases":146,"deaths":2,"recovered":114,"active":30,"growthFactor":1},"2020-3-3":{"cases":146,"deaths":2,"recovered":114,"active":30,"growthFactor":1},"2020-3-4":{"cases":146,"deaths":2,"recovered":114,"active":30,"growthFactor":1},"2020-3-5":{"cases":146,"deaths":2,"recovered":114,"active":30,"growthFactor":1},"2020-3-6":{"cases":146,"deaths":2,"recovered":114,"active":30,"growthFactor":1},"2020-3-7":{"cases":146,"deaths":2,"recovered":115,"active":29,"growthFactor":1},"2020-3-8":{"cases":146,"deaths":2,"recovered":117,"active":27,"growthFactor":1},"2020-3-9":{"cases":146,"deaths":2,"recovered":123,"active":21,"growthFactor":1},"2020-3-10":{"cases":146,"deaths":2,"recovered":129,"active":15,"growthFactor":1},"2020-3-11":{"cases":146,"deaths":2,"recovered":133,"active":11,"growthFactor":1},"2020-3-12":{"cases":146,"deaths":2,"recovered":137,"active":7,"growthFactor":1},"2020-3-13":{"cases":146,"deaths":2,"recovered":140,"active":4,"growthFactor":1},"2020-3-14":{"cases":146,"deaths":2,"recovered":143,"active":1,"growthFactor":1},"2020-3-15":{"cases":146,"deaths":2,"recovered":143,"active":1,"growthFactor":1},"2020-3-16":{"cases":146,"deaths":2,"recovered":144,"active":0,"growthFactor":1},"2020-3-17":{"cases":147,"deaths":2,"recovered":144,"active":1,"growthFactor":1.0068493150684932},"2020-3-18":{"cases":146,"deaths":2,"recovered":144,"active":0,"growthFactor":0.9931972789115646},"2020-3-19":{"cases":146,"deaths":2,"recovered":144,"active":0,"growthFactor":1},"2020-3-20":{"cases":146,"deaths":2,"recovered":144,"active":0,"growthFactor":1},"2020-3-21":{"cases":146,"deaths":2,"recovered":144,"active":0,"growthFactor":1},"2020-3-22":{"cases":146,"deaths":2,"recovered":144,"active":0,"growthFactor":1},"2020-3-23":{"cases":146,"deaths":2,"recovered":144,"active":0,"growthFactor":1},"2020-3-24":{"cases":146,"deaths":2,"growthFactor":1},"2020-3-25":{"cases":146,"deaths":2,"growthFactor":1},"2020-3-26":{"cases":146,"deaths":2,"growthFactor":1},"2020-3-27":{"cases":146,"deaths":2,"growthFactor":1},"2020-3-28":{"cases":146,"deaths":2,"growthFactor":1},"2020-3-29":{"cases":146,"deaths":2,"growthFactor":1},"2020-3-30":{"cases":146,"deaths":2,"growthFactor":1},"2020-3-31":{"cases":146,"deaths":2,"growthFactor":1},"2020-4-1":{"cases":146,"deaths":2,"growthFactor":1}},"maintainers":[{"name":"Larry Davis","email":"lazdnet@gmail.com","twitter":"lazdnet","github":"lazd","country":"USA","state":"CA","county":"San Francisco","city":"San Francisco","flag":"🇺🇸"}],"url":"https://github.com/CSSEGISandData/COVID-19","curators":[{"name":"JHU CSSE","url":"https://systems.jhu.edu/research/public-health/ncov/"}],"aggregate":"state","country":"CHN","coordinates":[106.60127648352287,26.9387435980386],"state":"Guizhou","rating":0.5098039215686274,"tz":["Asia/Shanghai"],"featureId":36,"population":36000000}