{"dates":{"2020-1-22":{"cases":4,"deaths":0,"recovered":0,"active":4},"2020-1-23":{"cases":5,"deaths":0,"recovered":0,"active":5,"growthFactor":1.25},"2020-1-24":{"cases":8,"deaths":0,"recovered":0,"active":8,"growthFactor":1.6},"2020-1-25":{"cases":19,"deaths":0,"recovered":0,"active":19,"growthFactor":2.375},"2020-1-26":{"cases":22,"deaths":0,"recovered":0,"active":22,"growthFactor":1.1578947368421053},"2020-1-27":{"cases":33,"deaths":1,"recovered":0,"active":32,"growthFactor":1.5},"2020-1-28":{"cases":40,"deaths":1,"recovered":0,"active":39,"growthFactor":1.2121212121212122},"2020-1-29":{"cases":43,"deaths":1,"recovered":0,"active":42,"growthFactor":1.075},"2020-1-30":{"cases":46,"deaths":1,"recovered":1,"active":44,"growthFactor":1.069767441860465},"2020-1-31":{"cases":52,"deaths":1,"recovered":1,"active":50,"growthFactor":1.1304347826086956},"2020-2-1":{"cases":62,"deaths":1,"recovered":1,"active":60,"growthFactor":1.1923076923076923},"2020-2-2":{"cases":64,"deaths":1,"recovered":4,"active":59,"growthFactor":1.032258064516129},"2020-2-3":{"cases":72,"deaths":1,"recovered":4,"active":67,"growthFactor":1.125},"2020-2-4":{"cases":80,"deaths":1,"recovered":5,"active":74,"growthFactor":1.1111111111111112},"2020-2-5":{"cases":99,"deaths":1,"recovered":5,"active":93,"growthFactor":1.2375},"2020-2-6":{"cases":106,"deaths":1,"recovered":8,"active":97,"growthFactor":1.0707070707070707},"2020-2-7":{"cases":117,"deaths":2,"recovered":10,"active":105,"growthFactor":1.1037735849056605},"2020-2-8":{"cases":124,"deaths":2,"recovered":14,"active":108,"growthFactor":1.0598290598290598},"2020-2-9":{"cases":131,"deaths":3,"recovered":19,"active":109,"growthFactor":1.0564516129032258},"2020-2-10":{"cases":138,"deaths":3,"recovered":19,"active":116,"growthFactor":1.0534351145038168},"2020-2-11":{"cases":144,"deaths":3,"recovered":20,"active":121,"growthFactor":1.0434782608695652},"2020-2-12":{"cases":157,"deaths":4,"recovered":27,"active":126,"growthFactor":1.0902777777777777},"2020-2-13":{"cases":157,"deaths":4,"recovered":30,"active":123,"growthFactor":1},"2020-2-14":{"cases":159,"deaths":4,"recovered":43,"active":112,"growthFactor":1.0127388535031847},"2020-2-15":{"cases":162,"deaths":4,"recovered":39,"active":119,"growthFactor":1.0188679245283019},"2020-2-16":{"cases":162,"deaths":4,"recovered":52,"active":106,"growthFactor":1},"2020-2-17":{"cases":163,"deaths":4,"recovered":59,"active":100,"growthFactor":1.0061728395061729},"2020-2-18":{"cases":163,"deaths":4,"recovered":79,"active":80,"growthFactor":1},"2020-2-19":{"cases":168,"deaths":4,"recovered":84,"active":80,"growthFactor":1.030674846625767},"2020-2-20":{"cases":168,"deaths":4,"recovered":86,"active":78,"growthFactor":1},"2020-2-21":{"cases":168,"deaths":4,"recovered":95,"active":69,"growthFactor":1},"2020-2-22":{"cases":168,"deaths":4,"recovered":104,"active":60,"growthFactor":1},"2020-2-23":{"cases":168,"deaths":5,"recovered":106,"active":57,"growthFactor":1},"2020-2-24":{"cases":168,"deaths":5,"recovered":116,"active":47,"growthFactor":1},"2020-2-25":{"cases":168,"deaths":5,"recovered":124,"active":39,"growthFactor":1},"2020-2-26":{"cases":168,"deaths":5,"recovered":129,"active":34,"growthFactor":1},"2020-2-27":{"cases":168,"deaths":5,"recovered":131,"active":32,"growthFactor":1},"2020-2-28":{"cases":168,"deaths":5,"recovered":133,"active":30,"growthFactor":1},"2020-2-29":{"cases":168,"deaths":5,"recovered":148,"active":15,"growthFactor":1},"2020-3-1":{"cases":168,"deaths":5,"recovered":149,"active":14,"growthFactor":1},"2020-3-2":{"cases":168,"deaths":5,"recovered":151,"active":12,"growthFactor":1},"2020-3-3":{"cases":168,"deaths":5,"recovered":155,"active":8,"growthFactor":1},"2020-3-4":{"cases":168,"deaths":5,"recovered":158,"active":5,"growthFactor":1},"2020-3-5":{"cases":168,"deaths":6,"recovered":158,"active":4,"growthFactor":1},"2020-3-6":{"cases":168,"deaths":6,"recovered":158,"active":4,"growthFactor":1},"2020-3-7":{"cases":168,"deaths":6,"recovered":158,"active":4,"growthFactor":1},"2020-3-8":{"cases":168,"deaths":6,"recovered":159,"active":3,"growthFactor":1},"2020-3-9":{"cases":168,"deaths":6,"recovered":159,"active":3,"growthFactor":1},"2020-3-10":{"cases":168,"deaths":6,"recovered":159,"active":3,"growthFactor":1},"2020-3-11":{"cases":168,"deaths":6,"recovered":159,"active":3,"growthFactor":1},"2020-3-12":{"cases":168,"deaths":6,"recovered":160,"active":2,"growthFactor":1},"2020-3-13":{"cases":168,"deaths":6,"recovered":160,"active":2,"growthFactor":1},"2020-3-14":{"cases":168,"deaths":6,"recovered":160,"active":2,"growthFactor":1},"2020-3-15":{"cases":168,"deaths":6,"recovered":160,"active":2,"growthFactor":1},"2020-3-16":{"cases":168,"deaths":6,"recovered":161,"active":1,"growthFactor":1},"2020-3-17":{"cases":168,"deaths":6,"recovered":161,"active":1,"growthFactor":1},"2020-3-18":{"cases":168,"deaths":6,"recovered":161,"active":1,"growthFactor":1},"2020-3-19":{"cases":168,"deaths":6,"recovered":161,"active":1,"growthFactor":1},"2020-3-20":{"cases":168,"deaths":6,"recovered":161,"active":1,"growthFactor":1},"2020-3-21":{"cases":168,"deaths":6,"recovered":161,"active":1,"growthFactor":1},"2020-3-22":{"cases":168,"deaths":6,"recovered":161,"active":1,"growthFactor":1},"2020-3-23":{"cases":168,"deaths":6,"recovered":161,"active":1,"growthFactor":1},"2020-3-24":{"cases":168,"deaths":6,"growthFactor":1},"2020-3-25":{"cases":168,"deaths":6,"growthFactor":1},"2020-3-26":{"cases":168,"deaths":6,"growthFactor":1},"2020-3-27":{"cases":168,"deaths":6,"growthFactor":1},"2020-3-28":{"cases":168,"deaths":6,"growthFactor":1},"2020-3-29":{"cases":168,"deaths":6,"growthFactor":1},"2020-3-30":{"cases":168,"deaths":6,"growthFactor":1},"2020-3-31":{"cases":168,"deaths":6,"growthFactor":1},"2020-4-1":{"cases":168,"deaths":6,"growthFactor":1},"2020-4-2":{"cases":168,"deaths":6,"growthFactor":1}},"maintainers":[{"name":"Larry Davis","email":"lazdnet@gmail.com","twitter":"lazdnet","github":"lazd","country":"USA","state":"CA","county":"San Francisco","city":"San Francisco","flag":"🇺🇸"}],"url":"https://github.com/CSSEGISandData/COVID-19","country":"CHN","curators":[{"name":"JHU CSSE","url":"https://systems.jhu.edu/research/public-health/ncov/"}],"aggregate":"state","coordinates":[109.81287682400003,19.150763250500063],"state":"Hainan","rating":0.5098039215686274,"name":"Hainan, CHN","level":"state","tz":["Asia/Shanghai"],"featureId":45,"population":9340000}