{"dates":{"2020-1-22":{"cases":1,"deaths":0,"recovered":0,"active":1},"2020-1-23":{"cases":1,"deaths":1,"recovered":0,"active":0,"growthFactor":1},"2020-1-24":{"cases":2,"deaths":1,"recovered":0,"active":1,"growthFactor":2},"2020-1-25":{"cases":8,"deaths":1,"recovered":0,"active":7,"growthFactor":4},"2020-1-26":{"cases":13,"deaths":1,"recovered":0,"active":12,"growthFactor":1.625},"2020-1-27":{"cases":18,"deaths":1,"recovered":0,"active":17,"growthFactor":1.3846153846153846},"2020-1-28":{"cases":33,"deaths":1,"recovered":0,"active":32,"growthFactor":1.8333333333333333},"2020-1-29":{"cases":48,"deaths":1,"recovered":0,"active":47,"growthFactor":1.4545454545454546},"2020-1-30":{"cases":65,"deaths":1,"recovered":0,"active":64,"growthFactor":1.3541666666666667},"2020-1-31":{"cases":82,"deaths":1,"recovered":0,"active":81,"growthFactor":1.2615384615384615},"2020-2-1":{"cases":96,"deaths":1,"recovered":0,"active":95,"growthFactor":1.170731707317073},"2020-2-2":{"cases":104,"deaths":1,"recovered":3,"active":100,"growthFactor":1.0833333333333333},"2020-2-3":{"cases":113,"deaths":1,"recovered":3,"active":109,"growthFactor":1.0865384615384615},"2020-2-4":{"cases":126,"deaths":1,"recovered":4,"active":121,"growthFactor":1.1150442477876106},"2020-2-5":{"cases":135,"deaths":1,"recovered":6,"active":128,"growthFactor":1.0714285714285714},"2020-2-6":{"cases":157,"deaths":1,"recovered":13,"active":143,"growthFactor":1.162962962962963},"2020-2-7":{"cases":172,"deaths":1,"recovered":22,"active":149,"growthFactor":1.0955414012738853},"2020-2-8":{"cases":195,"deaths":1,"recovered":30,"active":164,"growthFactor":1.1337209302325582},"2020-2-9":{"cases":206,"deaths":2,"recovered":34,"active":170,"growthFactor":1.0564102564102564},"2020-2-10":{"cases":218,"deaths":2,"recovered":41,"active":175,"growthFactor":1.058252427184466},"2020-2-11":{"cases":239,"deaths":2,"recovered":48,"active":189,"growthFactor":1.0963302752293578},"2020-2-12":{"cases":251,"deaths":2,"recovered":54,"active":195,"growthFactor":1.0502092050209204},"2020-2-13":{"cases":265,"deaths":3,"recovered":68,"active":194,"growthFactor":1.0557768924302788},"2020-2-14":{"cases":283,"deaths":3,"recovered":87,"active":193,"growthFactor":1.0679245283018868},"2020-2-15":{"cases":291,"deaths":3,"recovered":101,"active":187,"growthFactor":1.028268551236749},"2020-2-16":{"cases":300,"deaths":3,"recovered":105,"active":192,"growthFactor":1.0309278350515463},"2020-2-17":{"cases":301,"deaths":3,"recovered":122,"active":176,"growthFactor":1.0033333333333334},"2020-2-18":{"cases":306,"deaths":4,"recovered":136,"active":166,"growthFactor":1.0166112956810631},"2020-2-19":{"cases":306,"deaths":4,"recovered":152,"active":150,"growthFactor":1},"2020-2-20":{"cases":307,"deaths":5,"recovered":169,"active":133,"growthFactor":1.0032679738562091},"2020-2-21":{"cases":308,"deaths":5,"recovered":184,"active":119,"growthFactor":1.003257328990228},"2020-2-22":{"cases":309,"deaths":6,"recovered":203,"active":100,"growthFactor":1.0032467532467533},"2020-2-23":{"cases":311,"deaths":6,"recovered":219,"active":86,"growthFactor":1.006472491909385},"2020-2-24":{"cases":311,"deaths":6,"recovered":234,"active":71,"growthFactor":1},"2020-2-25":{"cases":311,"deaths":6,"recovered":248,"active":57,"growthFactor":1},"2020-2-26":{"cases":312,"deaths":6,"recovered":261,"active":45,"growthFactor":1.0032154340836013},"2020-2-27":{"cases":317,"deaths":6,"recovered":274,"active":37,"growthFactor":1.016025641025641},"2020-2-28":{"cases":318,"deaths":6,"recovered":277,"active":35,"growthFactor":1.003154574132492},"2020-2-29":{"cases":318,"deaths":6,"recovered":282,"active":30,"growthFactor":1},"2020-3-1":{"cases":318,"deaths":6,"recovered":294,"active":18,"growthFactor":1},"2020-3-2":{"cases":318,"deaths":6,"recovered":296,"active":16,"growthFactor":1},"2020-3-3":{"cases":318,"deaths":6,"recovered":300,"active":12,"growthFactor":1},"2020-3-4":{"cases":318,"deaths":6,"recovered":301,"active":11,"growthFactor":1},"2020-3-5":{"cases":318,"deaths":6,"recovered":304,"active":8,"growthFactor":1},"2020-3-6":{"cases":318,"deaths":6,"recovered":305,"active":7,"growthFactor":1},"2020-3-7":{"cases":318,"deaths":6,"recovered":307,"active":5,"growthFactor":1},"2020-3-8":{"cases":318,"deaths":6,"recovered":307,"active":5,"growthFactor":1},"2020-3-9":{"cases":318,"deaths":6,"recovered":307,"active":5,"growthFactor":1},"2020-3-10":{"cases":318,"deaths":6,"recovered":307,"active":5,"growthFactor":1},"2020-3-11":{"cases":318,"deaths":6,"recovered":307,"active":5,"growthFactor":1},"2020-3-12":{"cases":318,"deaths":6,"recovered":308,"active":4,"growthFactor":1},"2020-3-13":{"cases":318,"deaths":6,"recovered":310,"active":2,"growthFactor":1},"2020-3-14":{"cases":318,"deaths":6,"recovered":310,"active":2,"growthFactor":1},"2020-3-15":{"cases":318,"deaths":6,"recovered":310,"active":2,"growthFactor":1},"2020-3-16":{"cases":318,"deaths":6,"recovered":310,"active":2,"growthFactor":1},"2020-3-17":{"cases":318,"deaths":6,"recovered":310,"active":2,"growthFactor":1},"2020-3-18":{"cases":318,"deaths":6,"recovered":310,"active":2,"growthFactor":1},"2020-3-19":{"cases":318,"deaths":6,"recovered":310,"active":2,"growthFactor":1},"2020-3-20":{"cases":318,"deaths":6,"recovered":310,"active":2,"growthFactor":1},"2020-3-21":{"cases":318,"deaths":6,"recovered":310,"active":2,"growthFactor":1},"2020-3-22":{"cases":319,"deaths":6,"recovered":310,"active":3,"growthFactor":1.0031446540880504},"2020-3-23":{"cases":319,"deaths":6,"recovered":310,"active":3,"growthFactor":1},"2020-3-24":{"cases":319,"deaths":6,"growthFactor":1},"2020-3-25":{"cases":319,"deaths":6,"growthFactor":1},"2020-3-26":{"cases":319,"deaths":6,"growthFactor":1},"2020-3-27":{"cases":319,"deaths":6,"growthFactor":1},"2020-3-28":{"cases":319,"deaths":6,"growthFactor":1}},"maintainers":[{"name":"Larry Davis","email":"lazdnet@gmail.com","twitter":"lazdnet","github":"lazd","country":"USA","state":"CA","county":"San Francisco","city":"San Francisco","flag":"🇺🇸"}],"url":"https://github.com/CSSEGISandData/COVID-19","curators":[{"name":"JHU CSSE","url":"https://systems.jhu.edu/research/public-health/ncov/"}],"aggregate":"state","country":"CHN","coordinates":[116.65206139450123,39.323827419599695],"state":"Hebei","rating":0.5098039215686274,"tz":["Asia/Shanghai"],"featureId":39,"population":75560000}