{"dates":{"2020-1-22":{"cases":444,"deaths":17,"recovered":28,"active":399},"2020-1-23":{"cases":444,"deaths":17,"recovered":28,"active":399,"growthFactor":1},"2020-1-24":{"cases":549,"deaths":24,"recovered":31,"active":494,"growthFactor":1.2364864864864864},"2020-1-25":{"cases":761,"deaths":40,"recovered":32,"active":689,"growthFactor":1.3861566484517305},"2020-1-26":{"cases":1058,"deaths":52,"recovered":42,"active":964,"growthFactor":1.390275952693824},"2020-1-27":{"cases":1423,"deaths":76,"recovered":45,"active":1302,"growthFactor":1.3449905482041589},"2020-1-28":{"cases":3554,"deaths":125,"recovered":80,"active":3349,"growthFactor":2.4975404075895993},"2020-1-29":{"cases":3554,"deaths":125,"recovered":88,"active":3341,"growthFactor":1},"2020-1-30":{"cases":4903,"deaths":162,"recovered":90,"active":4651,"growthFactor":1.379572312886888},"2020-1-31":{"cases":5806,"deaths":204,"recovered":141,"active":5461,"growthFactor":1.1841729553334692},"2020-2-1":{"cases":7153,"deaths":249,"recovered":168,"active":6736,"growthFactor":1.2320013778849466},"2020-2-2":{"cases":11177,"deaths":350,"recovered":295,"active":10532,"growthFactor":1.5625611631483294},"2020-2-3":{"cases":13522,"deaths":414,"recovered":386,"active":12722,"growthFactor":1.2098058513017804},"2020-2-4":{"cases":16678,"deaths":479,"recovered":522,"active":15677,"growthFactor":1.2333974264162106},"2020-2-5":{"cases":19665,"deaths":549,"recovered":633,"active":18483,"growthFactor":1.1790982132150138},"2020-2-6":{"cases":22112,"deaths":618,"recovered":817,"active":20677,"growthFactor":1.1244342740910247},"2020-2-7":{"cases":24953,"deaths":699,"recovered":1115,"active":23139,"growthFactor":1.1284822720694645},"2020-2-8":{"cases":27100,"deaths":780,"recovered":1439,"active":24881,"growthFactor":1.0860417585059912},"2020-2-9":{"cases":29631,"deaths":871,"recovered":1795,"active":26965,"growthFactor":1.0933948339483395},"2020-2-10":{"cases":31728,"deaths":974,"recovered":2222,"active":28532,"growthFactor":1.070770476865445},"2020-2-11":{"cases":33366,"deaths":1068,"recovered":2639,"active":29659,"growthFactor":1.051626323751891},"2020-2-12":{"cases":33366,"deaths":1068,"recovered":2686,"active":29612,"growthFactor":1},"2020-2-13":{"cases":48206,"deaths":1310,"recovered":3459,"active":43437,"growthFactor":1.4447641311514716},"2020-2-14":{"cases":54406,"deaths":1457,"recovered":4774,"active":48175,"growthFactor":1.1286146952661495},"2020-2-15":{"cases":56249,"deaths":1596,"recovered":5623,"active":49030,"growthFactor":1.0338749402639416},"2020-2-16":{"cases":58182,"deaths":1696,"recovered":6639,"active":49847,"growthFactor":1.0343650553787622},"2020-2-17":{"cases":59989,"deaths":1789,"recovered":7862,"active":50338,"growthFactor":1.0310577154446392},"2020-2-18":{"cases":61682,"deaths":1921,"recovered":9128,"active":50633,"growthFactor":1.0282218406707897},"2020-2-19":{"cases":62031,"deaths":2029,"recovered":10337,"active":49665,"growthFactor":1.0056580525923284},"2020-2-20":{"cases":62442,"deaths":2144,"recovered":11788,"active":48510,"growthFactor":1.0066257193983654},"2020-2-21":{"cases":62662,"deaths":2144,"recovered":11881,"active":48637,"growthFactor":1.0035232695941834},"2020-2-22":{"cases":64084,"deaths":2346,"recovered":15299,"active":46439,"growthFactor":1.0226931792793081},"2020-2-23":{"cases":64084,"deaths":2346,"recovered":15343,"active":46395,"growthFactor":1},"2020-2-24":{"cases":64287,"deaths":2495,"recovered":16748,"active":45044,"growthFactor":1.0031677173709506},"2020-2-25":{"cases":64786,"deaths":2563,"recovered":18971,"active":43252,"growthFactor":1.0077620669808827},"2020-2-26":{"cases":65187,"deaths":2615,"recovered":20969,"active":41603,"growthFactor":1.006189608866113},"2020-2-27":{"cases":65596,"deaths":2641,"recovered":23383,"active":39572,"growthFactor":1.0062742571371592},"2020-2-28":{"cases":65914,"deaths":2682,"recovered":26403,"active":36829,"growthFactor":1.0048478565766206},"2020-2-29":{"cases":66337,"deaths":2727,"recovered":28993,"active":34617,"growthFactor":1.0064174530448766},"2020-3-1":{"cases":66907,"deaths":2761,"recovered":31536,"active":32610,"growthFactor":1.0085924898623695},"2020-3-2":{"cases":67103,"deaths":2803,"recovered":33934,"active":30366,"growthFactor":1.0029294393710673},"2020-3-3":{"cases":67217,"deaths":2835,"recovered":36208,"active":28174,"growthFactor":1.0016988808250005},"2020-3-4":{"cases":67332,"deaths":2871,"recovered":38557,"active":25904,"growthFactor":1.0017108767127363},"2020-3-5":{"cases":67466,"deaths":2902,"recovered":40592,"active":23972,"growthFactor":1.0019901384185825},"2020-3-6":{"cases":67592,"deaths":2931,"recovered":42033,"active":22628,"growthFactor":1.0018676073874249},"2020-3-7":{"cases":67666,"deaths":2959,"recovered":43500,"active":21207,"growthFactor":1.0010948041188306},"2020-3-8":{"cases":67707,"deaths":2986,"recovered":45235,"active":19486,"growthFactor":1.0006059172996777},"2020-3-9":{"cases":67743,"deaths":3008,"recovered":46488,"active":18247,"growthFactor":1.000531702778147},"2020-3-10":{"cases":67760,"deaths":3024,"recovered":47743,"active":16993,"growthFactor":1.0002509484374769},"2020-3-11":{"cases":67773,"deaths":3046,"recovered":49134,"active":15593,"growthFactor":1.0001918536009444},"2020-3-12":{"cases":67781,"deaths":3056,"recovered":50318,"active":14407,"growthFactor":1.0001180411078159},"2020-3-13":{"cases":67786,"deaths":3062,"recovered":51553,"active":13171,"growthFactor":1.0000737669848483},"2020-3-14":{"cases":67790,"deaths":3075,"recovered":52960,"active":11755,"growthFactor":1.0000590092349453},"2020-3-15":{"cases":67794,"deaths":3085,"recovered":54288,"active":10421,"growthFactor":1.000059005753061},"2020-3-16":{"cases":67798,"deaths":3099,"recovered":55142,"active":9557,"growthFactor":1.0000590022715874},"2020-3-17":{"cases":67799,"deaths":3111,"recovered":56003,"active":8685,"growthFactor":1.0000147496976313},"2020-3-18":{"cases":67800,"deaths":3122,"recovered":56927,"active":7751,"growthFactor":1.0000147494800808},"2020-3-19":{"cases":67800,"deaths":3130,"recovered":57682,"active":6988,"growthFactor":1},"2020-3-20":{"cases":67800,"deaths":3133,"recovered":58382,"active":6285,"growthFactor":1},"2020-3-21":{"cases":67800,"deaths":3139,"recovered":58946,"active":5715,"growthFactor":1},"2020-3-22":{"cases":67800,"deaths":3144,"recovered":59433,"active":5223,"growthFactor":1},"2020-3-23":{"cases":67800,"deaths":3153,"recovered":59879,"active":4768,"growthFactor":1},"2020-3-24":{"cases":67801,"deaths":3160,"growthFactor":1.0000147492625369},"2020-3-25":{"cases":67801,"deaths":3163,"growthFactor":1},"2020-3-26":{"cases":67801,"deaths":3169,"growthFactor":1},"2020-3-27":{"cases":67801,"deaths":3174,"growthFactor":1},"2020-3-28":{"cases":67801,"deaths":3177,"growthFactor":1},"2020-3-29":{"cases":67801,"deaths":3182,"growthFactor":1},"2020-3-30":{"cases":67801,"deaths":3186,"growthFactor":1},"2020-3-31":{"cases":67801,"deaths":3187,"growthFactor":1},"2020-4-1":{"cases":67802,"deaths":3193,"growthFactor":1.0000147490449993},"2020-4-2":{"cases":67802,"deaths":3199,"growthFactor":1}},"maintainers":[{"name":"Larry Davis","email":"lazdnet@gmail.com","twitter":"lazdnet","github":"lazd","country":"USA","state":"CA","county":"San Francisco","city":"San Francisco","flag":"🇺🇸"}],"url":"https://github.com/CSSEGISandData/COVID-19","country":"CHN","curators":[{"name":"JHU CSSE","url":"https://systems.jhu.edu/research/public-health/ncov/"}],"aggregate":"state","coordinates":[112.26392825753302,31.166405443456426],"state":"Hubei","rating":0.5098039215686274,"name":"Hubei, CHN","level":"state","tz":["Asia/Shanghai"],"featureId":50,"population":59170000}