{"dates":{"2020-1-22":{},"2020-1-23":{"growthFactor":null},"2020-1-24":{"growthFactor":null},"2020-1-25":{"growthFactor":null},"2020-1-26":{"growthFactor":null},"2020-1-27":{"growthFactor":null},"2020-1-28":{"growthFactor":null},"2020-1-29":{"growthFactor":null},"2020-1-30":{"growthFactor":null},"2020-1-31":{"growthFactor":null},"2020-2-1":{"growthFactor":null},"2020-2-2":{"growthFactor":null},"2020-2-3":{"growthFactor":null},"2020-2-4":{"growthFactor":null},"2020-2-5":{"growthFactor":null},"2020-2-6":{"growthFactor":null},"2020-2-7":{"growthFactor":null},"2020-2-8":{"growthFactor":null},"2020-2-9":{"growthFactor":null},"2020-2-10":{"growthFactor":null},"2020-2-11":{"growthFactor":null},"2020-2-12":{"growthFactor":null},"2020-2-13":{"growthFactor":null},"2020-2-14":{"growthFactor":null},"2020-2-15":{"growthFactor":null},"2020-2-16":{"growthFactor":null},"2020-2-17":{"growthFactor":null},"2020-2-18":{"growthFactor":null},"2020-2-19":{"growthFactor":null},"2020-2-20":{"growthFactor":null},"2020-2-21":{"growthFactor":null},"2020-2-22":{"growthFactor":null},"2020-2-23":{"growthFactor":null},"2020-2-24":{"cases":229,"deaths":7,"recovered":1,"active":221,"tested":4323,"growthFactor":null},"2020-2-25":{"cases":321,"deaths":10,"recovered":1,"active":310,"tested":8622,"growthFactor":1.4017467248908297},"2020-2-26":{"cases":399,"deaths":12,"recovered":3,"active":384,"tested":9586,"growthFactor":1.2429906542056075},"2020-2-27":{"cases":649,"deaths":17,"recovered":45,"active":587,"tested":12012,"growthFactor":1.6265664160401003},"2020-2-28":{"cases":887,"deaths":21,"recovered":46,"active":820,"tested":15693,"growthFactor":1.3667180277349769},"2020-2-29":{"cases":1127,"deaths":29,"recovered":50,"active":1048,"tested":18645,"growthFactor":1.2705749718151071},"2020-3-1":{"cases":1693,"deaths":34,"recovered":83,"active":1576,"tested":21107,"growthFactor":1.502218278615794},"2020-3-2":{"cases":2035,"deaths":52,"recovered":149,"active":1834,"tested":23325,"growthFactor":1.2020082693443592},"2020-3-3":{"cases":2501,"deaths":79,"recovered":160,"active":2262,"tested":25836,"growthFactor":1.228992628992629},"2020-3-4":{"cases":3088,"deaths":107,"recovered":276,"active":2705,"tested":29817,"growthFactor":1.2347061175529788},"2020-3-5":{"cases":3857,"deaths":148,"recovered":414,"active":3295,"tested":32342,"growthFactor":1.2490284974093264},"2020-3-6":{"cases":4632,"deaths":197,"recovered":523,"active":3912,"tested":36323,"growthFactor":1.200933367902515},"2020-3-7":{"cases":5874,"deaths":233,"recovered":589,"active":5052,"tested":42026,"growthFactor":1.2681347150259068},"2020-3-8":{"cases":7366,"deaths":366,"recovered":622,"active":6378,"tested":49901,"growthFactor":1.254000680966973},"2020-3-9":{"cases":9163,"deaths":463,"recovered":724,"active":7976,"tested":53790,"growthFactor":1.2439587292967689},"2020-3-10":{"cases":10111,"deaths":631,"recovered":1004,"active":8476,"tested":60725,"growthFactor":1.1034595656444397},"2020-3-11":{"cases":12387,"deaths":827,"recovered":1045,"active":10515,"tested":73079,"growthFactor":1.2251013747403818},"2020-3-12":{"cases":15009,"deaths":1015,"recovered":1258,"active":12736,"tested":85404,"growthFactor":1.211673528699443},"2020-3-13":{"cases":17535,"deaths":1264,"recovered":1439,"active":14832,"tested":96677,"growthFactor":1.1682990205876473},"2020-3-14":{"cases":20984,"deaths":1438,"recovered":1966,"active":17580,"tested":108035,"growthFactor":1.1966923296264613},"2020-3-15":{"cases":24543,"deaths":1804,"recovered":2335,"active":20404,"tested":123402,"growthFactor":1.1696054136484941},"2020-3-16":{"cases":27739,"deaths":2152,"recovered":2749,"active":22838,"tested":136222,"growthFactor":1.1302204294503524},"2020-3-17":{"cases":31215,"deaths":2495,"recovered":2940,"active":25780,"tested":146508,"growthFactor":1.1253109340639533},"2020-3-18":{"cases":35337,"deaths":2969,"recovered":4024,"active":28344,"tested":162697,"growthFactor":1.132051898125901},"2020-3-19":{"cases":40599,"deaths":3391,"recovered":4439,"active":32769,"tested":179209,"growthFactor":1.1489090754733},"2020-3-20":{"cases":46473,"deaths":4015,"recovered":5128,"active":37330,"tested":202453,"growthFactor":1.144683366585384},"2020-3-21":{"cases":52957,"deaths":4805,"recovered":6071,"active":42081,"tested":228043,"growthFactor":1.1395218729154564},"2020-3-22":{"cases":58460,"deaths":5453,"recovered":7017,"active":45990,"tested":252684,"growthFactor":1.1039144966671073},"2020-3-23":{"cases":63203,"deaths":6048,"recovered":7425,"active":49730,"tested":269384,"growthFactor":1.0811323982210057},"2020-3-24":{"cases":68395,"deaths":6782,"recovered":8282,"active":53331,"tested":290455,"growthFactor":1.0821479993038305},"2020-3-25":{"cases":73528,"deaths":7460,"recovered":9295,"active":56773,"tested":317796,"growthFactor":1.075049345712406},"2020-3-26":{"cases":79633,"deaths":8117,"recovered":10294,"active":61222,"tested":353316,"growthFactor":1.083029594168208},"2020-3-27":{"cases":85495,"deaths":9074,"recovered":10840,"active":65581,"tested":385559,"growthFactor":1.0736126982532368},"2020-3-28":{"cases":91363,"deaths":9959,"recovered":12268,"active":69136,"tested":420358,"growthFactor":1.0686355927247206},"2020-3-29":{"cases":96475,"deaths":10715,"recovered":12914,"active":72846,"tested":443893,"growthFactor":1.0559526285257708},"2020-3-30":{"cases":100414,"deaths":11517,"recovered":14467,"active":74430,"tested":466719,"growthFactor":1.0408292303705624},"2020-3-31":{"cases":104421,"deaths":12352,"recovered":15576,"active":76493,"tested":495693,"growthFactor":1.03990479415221},"2020-4-1":{"cases":109156,"deaths":13039,"recovered":16657,"active":79460,"tested":529472,"growthFactor":1.0453452849522606},"2020-4-2":{"cases":113763,"deaths":13786,"recovered":18088,"active":81889,"tested":568555,"growthFactor":1.0422056506284583}},"country":"ITA","url":"https://raw.githubusercontent.com/pcm-dpc/COVID-19/master/dati-regioni/dpc-covid19-ita-regioni.csv","aggregate":"state","rating":0.6666666666666666,"name":"ITA","level":"country","coordinates":[12.56007714450007,41.826061709500074],"tz":["Europe/Rome"],"featureId":329,"population":62137802}