{"dates":{"2020-1-22":{},"2020-1-23":{"growthFactor":null},"2020-1-24":{"growthFactor":null},"2020-1-25":{"growthFactor":null},"2020-1-26":{"growthFactor":null},"2020-1-27":{"growthFactor":null},"2020-1-28":{"growthFactor":null},"2020-1-29":{"growthFactor":null},"2020-1-30":{"growthFactor":null},"2020-1-31":{"growthFactor":null},"2020-2-1":{"growthFactor":null},"2020-2-2":{"growthFactor":null},"2020-2-3":{"growthFactor":null},"2020-2-4":{"growthFactor":null},"2020-2-5":{"growthFactor":null},"2020-2-6":{"growthFactor":null},"2020-2-7":{"growthFactor":null},"2020-2-8":{"growthFactor":null},"2020-2-9":{"growthFactor":null},"2020-2-10":{"growthFactor":null},"2020-2-11":{"growthFactor":null},"2020-2-12":{"growthFactor":null},"2020-2-13":{"growthFactor":null},"2020-2-14":{"growthFactor":null},"2020-2-15":{"growthFactor":null},"2020-2-16":{"growthFactor":null},"2020-2-17":{"growthFactor":null},"2020-2-18":{"growthFactor":null},"2020-2-19":{"growthFactor":null},"2020-2-20":{"growthFactor":null},"2020-2-21":{"growthFactor":null},"2020-2-22":{"growthFactor":null},"2020-2-23":{"growthFactor":null},"2020-2-24":{"cases":229,"deaths":7,"recovered":1,"active":221,"tested":4324,"growthFactor":null},"2020-2-25":{"cases":322,"deaths":10,"recovered":1,"active":311,"tested":8623,"growthFactor":1.4061135371179039},"2020-2-26":{"cases":400,"deaths":12,"recovered":3,"active":385,"tested":9587,"growthFactor":1.2422360248447204},"2020-2-27":{"cases":650,"deaths":17,"recovered":45,"active":588,"tested":12014,"growthFactor":1.625},"2020-2-28":{"cases":888,"deaths":21,"recovered":46,"active":821,"tested":15695,"growthFactor":1.366153846153846},"2020-2-29":{"cases":1128,"deaths":29,"recovered":50,"active":1049,"tested":18661,"growthFactor":1.2702702702702702},"2020-3-1":{"cases":1694,"deaths":34,"recovered":83,"active":1577,"tested":21127,"growthFactor":1.50177304964539},"2020-3-2":{"cases":2036,"deaths":52,"recovered":149,"active":1835,"tested":23345,"growthFactor":1.2018890200708383},"2020-3-3":{"cases":2502,"deaths":79,"recovered":160,"active":2263,"tested":25856,"growthFactor":1.2288801571709234},"2020-3-4":{"cases":3089,"deaths":107,"recovered":276,"active":2706,"tested":29837,"growthFactor":1.2346123101518784},"2020-3-5":{"cases":3858,"deaths":148,"recovered":414,"active":3296,"tested":32362,"growthFactor":1.2489478795726772},"2020-3-6":{"cases":4636,"deaths":197,"recovered":523,"active":3916,"tested":36359,"growthFactor":1.2016588906169},"2020-3-7":{"cases":5883,"deaths":233,"recovered":589,"active":5061,"tested":42062,"growthFactor":1.2689818809318378},"2020-3-8":{"cases":7375,"deaths":366,"recovered":622,"active":6387,"tested":49937,"growthFactor":1.2536121026687064},"2020-3-9":{"cases":9172,"deaths":463,"recovered":724,"active":7985,"tested":53826,"growthFactor":1.2436610169491524},"2020-3-10":{"cases":10149,"deaths":631,"recovered":1004,"active":8514,"tested":60761,"growthFactor":1.1065198430004362},"2020-3-11":{"cases":12462,"deaths":827,"recovered":1045,"active":10590,"tested":73154,"growthFactor":1.22790422701744},"2020-3-12":{"cases":15113,"deaths":1016,"recovered":1258,"active":12839,"tested":86011,"growthFactor":1.2127266891349704},"2020-3-13":{"cases":17660,"deaths":1266,"recovered":1439,"active":14955,"tested":97488,"growthFactor":1.1685304042876994},"2020-3-14":{"cases":21157,"deaths":1441,"recovered":1966,"active":17750,"tested":109170,"growthFactor":1.1980181200453002},"2020-3-15":{"cases":24747,"deaths":1809,"recovered":2335,"active":20603,"tested":124899,"growthFactor":1.1696837925981944},"2020-3-16":{"cases":27980,"deaths":2158,"recovered":2749,"active":23073,"tested":137962,"growthFactor":1.1306420980320846},"2020-3-17":{"cases":31506,"deaths":2503,"recovered":2941,"active":26062,"tested":148657,"growthFactor":1.1260185847033595},"2020-3-18":{"cases":35713,"deaths":2978,"recovered":4025,"active":28710,"tested":165541,"growthFactor":1.1335301212467466},"2020-3-19":{"cases":41035,"deaths":3405,"recovered":4440,"active":33190,"tested":182777,"growthFactor":1.1490213647691316},"2020-3-20":{"cases":47021,"deaths":4032,"recovered":5129,"active":37860,"tested":206886,"growthFactor":1.145875472157914},"2020-3-21":{"cases":53578,"deaths":4825,"recovered":6072,"active":42681,"tested":233222,"growthFactor":1.1394483315965207},"2020-3-22":{"cases":59138,"deaths":5476,"recovered":7024,"active":46638,"tested":258402,"growthFactor":1.1037739370637203},"2020-3-23":{"cases":63927,"deaths":6077,"recovered":7432,"active":50418,"tested":275468,"growthFactor":1.080980080489702},"2020-3-24":{"cases":69176,"deaths":6820,"recovered":8326,"active":54030,"tested":296964,"growthFactor":1.0821092808985249},"2020-3-25":{"cases":74386,"deaths":7503,"recovered":9362,"active":57521,"tested":324445,"growthFactor":1.0753151381982191},"2020-3-26":{"cases":80539,"deaths":8165,"recovered":10361,"active":62013,"tested":361060,"growthFactor":1.0827171779635953},"2020-3-27":{"cases":86498,"deaths":9134,"recovered":10950,"active":66414,"tested":394079,"growthFactor":1.0739889991184395},"2020-3-28":{"cases":92472,"deaths":10023,"recovered":12384,"active":70065,"tested":429526,"growthFactor":1.0690651806978195},"2020-3-29":{"cases":97689,"deaths":10779,"recovered":13030,"active":73880,"tested":454030,"growthFactor":1.0564170776018686}},"country":"ITA","url":"https://raw.githubusercontent.com/pcm-dpc/COVID-19/master/dati-regioni/dpc-covid19-ita-regioni.csv","aggregate":"state","rating":0.6666666666666666,"coordinates":[12.56007714450007,41.826061709500074],"tz":["Europe/Rome"],"featureId":301,"population":62137802}