{"dates":{"2020-1-22":{"cases":1,"deaths":0,"recovered":0,"active":1},"2020-1-23":{"cases":5,"deaths":0,"recovered":0,"active":5,"growthFactor":5},"2020-1-24":{"cases":9,"deaths":0,"recovered":0,"active":9,"growthFactor":1.8},"2020-1-25":{"cases":18,"deaths":0,"recovered":1,"active":17,"growthFactor":2},"2020-1-26":{"cases":33,"deaths":0,"recovered":1,"active":32,"growthFactor":1.8333333333333333},"2020-1-27":{"cases":47,"deaths":0,"recovered":1,"active":46,"growthFactor":1.4242424242424243},"2020-1-28":{"cases":70,"deaths":0,"recovered":1,"active":69,"growthFactor":1.4893617021276595},"2020-1-29":{"cases":99,"deaths":0,"recovered":1,"active":98,"growthFactor":1.4142857142857144},"2020-1-30":{"cases":129,"deaths":0,"recovered":1,"active":128,"growthFactor":1.303030303030303},"2020-1-31":{"cases":168,"deaths":0,"recovered":5,"active":163,"growthFactor":1.302325581395349},"2020-2-1":{"cases":202,"deaths":0,"recovered":6,"active":196,"growthFactor":1.2023809523809523},"2020-2-2":{"cases":236,"deaths":0,"recovered":7,"active":229,"growthFactor":1.1683168316831682},"2020-2-3":{"cases":271,"deaths":0,"recovered":8,"active":263,"growthFactor":1.1483050847457628},"2020-2-4":{"cases":308,"deaths":0,"recovered":12,"active":296,"growthFactor":1.136531365313653},"2020-2-5":{"cases":341,"deaths":0,"recovered":23,"active":318,"growthFactor":1.1071428571428572},"2020-2-6":{"cases":373,"deaths":0,"recovered":34,"active":339,"growthFactor":1.093841642228739},"2020-2-7":{"cases":408,"deaths":0,"recovered":43,"active":365,"growthFactor":1.093833780160858},"2020-2-8":{"cases":439,"deaths":0,"recovered":51,"active":388,"growthFactor":1.0759803921568627},"2020-2-9":{"cases":468,"deaths":0,"recovered":71,"active":397,"growthFactor":1.0660592255125285},"2020-2-10":{"cases":492,"deaths":0,"recovered":81,"active":411,"growthFactor":1.0512820512820513},"2020-2-11":{"cases":515,"deaths":0,"recovered":93,"active":422,"growthFactor":1.0467479674796747},"2020-2-12":{"cases":543,"deaths":0,"recovered":125,"active":418,"growthFactor":1.054368932038835},"2020-2-13":{"cases":570,"deaths":0,"recovered":139,"active":431,"growthFactor":1.0497237569060773},"2020-2-14":{"cases":593,"deaths":0,"recovered":157,"active":436,"growthFactor":1.0403508771929824},"2020-2-15":{"cases":604,"deaths":0,"recovered":186,"active":418,"growthFactor":1.0185497470489038},"2020-2-16":{"cases":617,"deaths":0,"recovered":218,"active":399,"growthFactor":1.021523178807947},"2020-2-17":{"cases":626,"deaths":0,"recovered":258,"active":368,"growthFactor":1.0145867098865478},"2020-2-18":{"cases":629,"deaths":0,"recovered":280,"active":349,"growthFactor":1.0047923322683705},"2020-2-19":{"cases":631,"deaths":0,"recovered":318,"active":313,"growthFactor":1.0031796502384738},"2020-2-20":{"cases":631,"deaths":0,"recovered":356,"active":275,"growthFactor":1},"2020-2-21":{"cases":631,"deaths":0,"recovered":373,"active":258,"growthFactor":1},"2020-2-22":{"cases":631,"deaths":0,"recovered":401,"active":230,"growthFactor":1},"2020-2-23":{"cases":631,"deaths":0,"recovered":418,"active":213,"growthFactor":1},"2020-2-24":{"cases":631,"deaths":0,"recovered":452,"active":179,"growthFactor":1},"2020-2-25":{"cases":631,"deaths":0,"recovered":458,"active":173,"growthFactor":1},"2020-2-26":{"cases":631,"deaths":0,"recovered":478,"active":153,"growthFactor":1},"2020-2-27":{"cases":631,"deaths":0,"recovered":498,"active":133,"growthFactor":1},"2020-2-28":{"cases":631,"deaths":0,"recovered":515,"active":116,"growthFactor":1},"2020-2-29":{"cases":631,"deaths":0,"recovered":523,"active":108,"growthFactor":1},"2020-3-1":{"cases":631,"deaths":0,"recovered":536,"active":95,"growthFactor":1},"2020-3-2":{"cases":631,"deaths":0,"recovered":543,"active":88,"growthFactor":1},"2020-3-3":{"cases":631,"deaths":0,"recovered":562,"active":69,"growthFactor":1},"2020-3-4":{"cases":631,"deaths":0,"recovered":577,"active":54,"growthFactor":1},"2020-3-5":{"cases":631,"deaths":0,"recovered":583,"active":48,"growthFactor":1},"2020-3-6":{"cases":631,"deaths":0,"recovered":594,"active":37,"growthFactor":1},"2020-3-7":{"cases":631,"deaths":0,"recovered":606,"active":25,"growthFactor":1},"2020-3-8":{"cases":631,"deaths":0,"recovered":612,"active":19,"growthFactor":1},"2020-3-9":{"cases":631,"deaths":0,"recovered":621,"active":10,"growthFactor":1},"2020-3-10":{"cases":631,"deaths":0,"recovered":627,"active":4,"growthFactor":1},"2020-3-11":{"cases":631,"deaths":0,"recovered":627,"active":4,"growthFactor":1},"2020-3-12":{"cases":631,"deaths":0,"recovered":629,"active":2,"growthFactor":1},"2020-3-13":{"cases":631,"deaths":0,"recovered":630,"active":1,"growthFactor":1},"2020-3-14":{"cases":631,"deaths":0,"recovered":630,"active":1,"growthFactor":1},"2020-3-15":{"cases":631,"deaths":0,"recovered":631,"active":0,"growthFactor":1},"2020-3-16":{"cases":631,"deaths":0,"recovered":631,"active":0,"growthFactor":1},"2020-3-17":{"cases":631,"deaths":0,"recovered":631,"active":0,"growthFactor":1},"2020-3-18":{"cases":631,"deaths":0,"recovered":631,"active":0,"growthFactor":1},"2020-3-19":{"cases":631,"deaths":0,"recovered":631,"active":0,"growthFactor":1},"2020-3-20":{"cases":631,"deaths":0,"recovered":631,"active":0,"growthFactor":1},"2020-3-21":{"cases":631,"deaths":0,"recovered":631,"active":0,"growthFactor":1},"2020-3-22":{"cases":633,"deaths":0,"recovered":631,"active":2,"growthFactor":1.0031695721077654},"2020-3-23":{"cases":633,"deaths":0,"recovered":631,"active":2,"growthFactor":1},"2020-3-24":{"cases":636,"deaths":0,"growthFactor":1.004739336492891},"2020-3-25":{"cases":638,"deaths":0,"growthFactor":1.0031446540880504},"2020-3-26":{"cases":640,"deaths":0,"growthFactor":1.0031347962382444},"2020-3-27":{"cases":641,"deaths":0,"growthFactor":1.0015625},"2020-3-28":{"cases":641,"deaths":0,"growthFactor":1},"2020-3-29":{"cases":644,"deaths":0,"growthFactor":1.0046801872074882},"2020-3-30":{"cases":645,"deaths":0,"growthFactor":1.0015527950310559},"2020-3-31":{"cases":646,"deaths":0,"growthFactor":1.0015503875968992},"2020-4-1":{"cases":0,"deaths":0,"growthFactor":0}},"maintainers":[{"name":"Larry Davis","email":"lazdnet@gmail.com","twitter":"lazdnet","github":"lazd","country":"USA","state":"CA","county":"San Francisco","city":"San Francisco","flag":"🇺🇸"}],"url":"https://github.com/CSSEGISandData/COVID-19","curators":[{"name":"JHU CSSE","url":"https://systems.jhu.edu/research/public-health/ncov/"}],"aggregate":"state","country":"CHN","coordinates":[119.14963721029278,32.934811713190015],"state":"Jiangsu","rating":0.5098039215686274,"tz":["Asia/Shanghai"],"featureId":45,"population":80510000}