{"dates":{"2020-2-27":{"cases":0,"deaths":0,"recovered":0,"active":0},"2020-2-28":{"cases":0,"deaths":0,"recovered":0,"active":0,"growthFactor":null},"2020-2-29":{"cases":0,"deaths":0,"recovered":0,"active":0,"growthFactor":null},"2020-3-1":{"cases":0,"deaths":0,"recovered":0,"active":0,"growthFactor":null},"2020-3-2":{"cases":1,"deaths":0,"recovered":0,"active":1,"growthFactor":null},"2020-3-3":{"cases":3,"deaths":0,"recovered":0,"active":3,"growthFactor":3},"2020-3-4":{"cases":7,"deaths":0,"recovered":0,"active":7,"growthFactor":2.3333333333333335},"2020-3-5":{"cases":11,"deaths":0,"recovered":0,"active":11,"growthFactor":1.5714285714285714},"2020-3-6":{"cases":29,"deaths":0,"recovered":0,"active":29,"growthFactor":2.6363636363636362},"2020-3-7":{"cases":39,"deaths":0,"recovered":0,"active":39,"growthFactor":1.3448275862068966},"2020-3-8":{"cases":55,"deaths":0,"recovered":0,"active":55,"growthFactor":1.4102564102564104},"2020-3-9":{"cases":81,"deaths":0,"recovered":0,"active":81,"growthFactor":1.4727272727272727},"2020-3-10":{"cases":144,"deaths":1,"recovered":0,"active":143,"growthFactor":1.7777777777777777},"2020-3-11":{"cases":179,"deaths":2,"recovered":0,"active":177,"growthFactor":1.2430555555555556},"2020-3-12":{"cases":205,"deaths":2,"recovered":0,"active":203,"growthFactor":1.1452513966480447},"2020-3-13":{"cases":243,"deaths":2,"recovered":0,"active":241,"growthFactor":1.1853658536585365},"2020-3-14":{"cases":278,"deaths":3,"recovered":0,"active":275,"growthFactor":1.1440329218106995},"2020-3-15":{"cases":300,"deaths":3,"recovered":0,"active":297,"growthFactor":1.079136690647482},"2020-3-16":{"cases":312,"deaths":4,"recovered":2,"active":306,"growthFactor":1.04},"2020-3-17":{"cases":355,"deaths":5,"recovered":2,"active":348,"growthFactor":1.1378205128205128},"2020-3-18":{"cases":419,"deaths":5,"recovered":2,"active":412,"growthFactor":1.180281690140845},"2020-3-19":{"cases":468,"deaths":5,"recovered":2,"active":461,"growthFactor":1.1169451073985681},"2020-3-20":{"cases":497,"deaths":7,"recovered":13,"active":477,"growthFactor":1.061965811965812},"2020-3-21":{"cases":564,"deaths":15,"recovered":18,"active":531,"growthFactor":1.1348088531187124},"2020-3-22":{"cases":654,"deaths":18,"recovered":18,"active":618,"growthFactor":1.1595744680851063},"2020-3-23":{"cases":747,"deaths":22,"recovered":18,"active":707,"growthFactor":1.1422018348623852},"2020-3-24":{"cases":802,"deaths":30,"recovered":24,"active":748,"growthFactor":1.073627844712182},"2020-3-25":{"cases":928,"deaths":37,"recovered":43,"active":848,"growthFactor":1.1571072319201996},"2020-3-26":{"cases":995,"deaths":43,"recovered":48,"active":904,"growthFactor":1.072198275862069},"2020-3-27":{"cases":1236,"deaths":55,"recovered":62,"active":1119,"growthFactor":1.2422110552763819}},"country":"ESP","url":"https://github.com/datadista/datasets/tree/master/COVID%2019","aggregate":"state","sources":[{"name":"cases","url":"https://raw.githubusercontent.com/datadista/datasets/master/COVID%2019/ccaa_covid19_casos.csv","description":"Cases by date and community"},{"name":"recovered","url":"https://raw.githubusercontent.com/datadista/datasets/master/COVID%2019/ccaa_covid19_altas.csv","description":"Recoveries by date and community"},{"name":"deaths","url":"https://raw.githubusercontent.com/datadista/datasets/master/COVID%2019/ccaa_covid19_fallecidos.csv","description":"Deaths by date and community"}],"curators":[{"name":"Antonio Delgado","url":"https://datadista.com/","twitter":"@adelgado","github":"adelgadob"}],"maintainers":[{"name":"Herb Caudill","url":"https://devresults.com","twitter":"@herbcaudill","github":"herbcaudill"}],"state":"La Rioja","rating":0.5882352941176471,"coordinates":[-2.406965,42.280640500000004],"tz":["Europe/Madrid"],"featureId":272,"population":314487}