{"dates":{"2020-1-22":{"cases":1,"deaths":0,"recovered":0,"active":1},"2020-1-23":{"cases":1,"deaths":0,"recovered":0,"active":1,"growthFactor":1},"2020-1-24":{"cases":2,"deaths":0,"recovered":0,"active":2,"growthFactor":2},"2020-1-25":{"cases":3,"deaths":0,"recovered":0,"active":3,"growthFactor":1.5},"2020-1-26":{"cases":4,"deaths":0,"recovered":0,"active":4,"growthFactor":1.3333333333333333},"2020-1-27":{"cases":7,"deaths":0,"recovered":0,"active":7,"growthFactor":1.75},"2020-1-28":{"cases":11,"deaths":0,"recovered":0,"active":11,"growthFactor":1.5714285714285714},"2020-1-29":{"cases":12,"deaths":0,"recovered":0,"active":12,"growthFactor":1.0909090909090908},"2020-1-30":{"cases":17,"deaths":0,"recovered":0,"active":17,"growthFactor":1.4166666666666667},"2020-1-31":{"cases":21,"deaths":0,"recovered":0,"active":21,"growthFactor":1.2352941176470589},"2020-2-1":{"cases":26,"deaths":0,"recovered":0,"active":26,"growthFactor":1.2380952380952381},"2020-2-2":{"cases":28,"deaths":0,"recovered":0,"active":28,"growthFactor":1.0769230769230769},"2020-2-3":{"cases":31,"deaths":0,"recovered":1,"active":30,"growthFactor":1.1071428571428572},"2020-2-4":{"cases":34,"deaths":0,"recovered":1,"active":33,"growthFactor":1.096774193548387},"2020-2-5":{"cases":34,"deaths":0,"recovered":1,"active":33,"growthFactor":1},"2020-2-6":{"cases":40,"deaths":0,"recovered":1,"active":39,"growthFactor":1.1764705882352942},"2020-2-7":{"cases":43,"deaths":0,"recovered":5,"active":38,"growthFactor":1.075},"2020-2-8":{"cases":45,"deaths":0,"recovered":15,"active":30,"growthFactor":1.0465116279069768},"2020-2-9":{"cases":45,"deaths":0,"recovered":13,"active":32,"growthFactor":1},"2020-2-10":{"cases":49,"deaths":0,"recovered":13,"active":36,"growthFactor":1.0888888888888888},"2020-2-11":{"cases":53,"deaths":0,"recovered":22,"active":31,"growthFactor":1.0816326530612246},"2020-2-12":{"cases":58,"deaths":0,"recovered":24,"active":34,"growthFactor":1.0943396226415094},"2020-2-13":{"cases":64,"deaths":0,"recovered":24,"active":40,"growthFactor":1.103448275862069},"2020-2-14":{"cases":67,"deaths":0,"recovered":24,"active":43,"growthFactor":1.046875},"2020-2-15":{"cases":70,"deaths":0,"recovered":33,"active":37,"growthFactor":1.044776119402985},"2020-2-16":{"cases":70,"deaths":0,"recovered":33,"active":37,"growthFactor":1},"2020-2-17":{"cases":70,"deaths":0,"recovered":35,"active":35,"growthFactor":1},"2020-2-18":{"cases":70,"deaths":0,"recovered":42,"active":28,"growthFactor":1},"2020-2-19":{"cases":71,"deaths":0,"recovered":42,"active":29,"growthFactor":1.0142857142857142},"2020-2-20":{"cases":71,"deaths":0,"recovered":44,"active":27,"growthFactor":1},"2020-2-21":{"cases":71,"deaths":0,"recovered":48,"active":23,"growthFactor":1},"2020-2-22":{"cases":71,"deaths":0,"recovered":48,"active":23,"growthFactor":1},"2020-2-23":{"cases":71,"deaths":0,"recovered":56,"active":15,"growthFactor":1},"2020-2-24":{"cases":71,"deaths":0,"recovered":58,"active":13,"growthFactor":1},"2020-2-25":{"cases":71,"deaths":0,"recovered":61,"active":10,"growthFactor":1},"2020-2-26":{"cases":71,"deaths":0,"recovered":65,"active":6,"growthFactor":1},"2020-2-27":{"cases":72,"deaths":0,"recovered":68,"active":4,"growthFactor":1.0140845070422535},"2020-2-28":{"cases":72,"deaths":0,"recovered":68,"active":4,"growthFactor":1},"2020-2-29":{"cases":73,"deaths":0,"recovered":69,"active":4,"growthFactor":1.0138888888888888},"2020-3-1":{"cases":73,"deaths":0,"recovered":69,"active":4,"growthFactor":1},"2020-3-2":{"cases":74,"deaths":0,"recovered":69,"active":5,"growthFactor":1.0136986301369864},"2020-3-3":{"cases":74,"deaths":0,"recovered":69,"active":5,"growthFactor":1},"2020-3-4":{"cases":75,"deaths":0,"recovered":69,"active":6,"growthFactor":1.0135135135135136},"2020-3-5":{"cases":75,"deaths":0,"recovered":69,"active":6,"growthFactor":1},"2020-3-6":{"cases":75,"deaths":0,"recovered":71,"active":4,"growthFactor":1},"2020-3-7":{"cases":75,"deaths":0,"recovered":71,"active":4,"growthFactor":1},"2020-3-8":{"cases":75,"deaths":0,"recovered":71,"active":4,"growthFactor":1},"2020-3-9":{"cases":75,"deaths":0,"recovered":71,"active":4,"growthFactor":1},"2020-3-10":{"cases":75,"deaths":0,"recovered":71,"active":4,"growthFactor":1},"2020-3-11":{"cases":75,"deaths":0,"recovered":72,"active":3,"growthFactor":1},"2020-3-12":{"cases":75,"deaths":0,"recovered":72,"active":3,"growthFactor":1},"2020-3-13":{"cases":75,"deaths":0,"recovered":72,"active":3,"growthFactor":1},"2020-3-14":{"cases":75,"deaths":0,"recovered":73,"active":2,"growthFactor":1},"2020-3-15":{"cases":75,"deaths":0,"recovered":73,"active":2,"growthFactor":1},"2020-3-16":{"cases":75,"deaths":0,"recovered":75,"active":0,"growthFactor":1},"2020-3-17":{"cases":75,"deaths":0,"recovered":75,"active":0,"growthFactor":1},"2020-3-18":{"cases":75,"deaths":0,"recovered":75,"active":0,"growthFactor":1},"2020-3-19":{"cases":75,"deaths":0,"recovered":75,"active":0,"growthFactor":1},"2020-3-20":{"cases":75,"deaths":0,"recovered":75,"active":0,"growthFactor":1},"2020-3-21":{"cases":75,"deaths":0,"recovered":75,"active":0,"growthFactor":1},"2020-3-22":{"cases":75,"deaths":0,"recovered":75,"active":0,"growthFactor":1},"2020-3-23":{"cases":75,"deaths":0,"recovered":75,"active":0,"growthFactor":1},"2020-3-24":{"cases":75,"deaths":0,"growthFactor":1},"2020-3-25":{"cases":75,"deaths":0,"growthFactor":1},"2020-3-26":{"cases":75,"deaths":0,"growthFactor":1},"2020-3-27":{"cases":75,"deaths":0,"growthFactor":1},"2020-3-28":{"cases":75,"deaths":0,"growthFactor":1},"2020-3-29":{"cases":75,"deaths":0,"growthFactor":1}},"maintainers":[{"name":"Larry Davis","email":"lazdnet@gmail.com","twitter":"lazdnet","github":"lazd","country":"USA","state":"CA","county":"San Francisco","city":"San Francisco","flag":"🇺🇸"}],"url":"https://github.com/CSSEGISandData/COVID-19","curators":[{"name":"JHU CSSE","url":"https://systems.jhu.edu/research/public-health/ncov/"}],"aggregate":"state","country":"CHN","coordinates":[106.00808271719359,37.31081075681095],"state":"Ningxia","rating":0.5098039215686274,"tz":["Asia/Shanghai"],"featureId":51,"population":6880000}