{"dates":{"2020-2-27":{"cases":0,"deaths":0,"recovered":0,"active":0},"2020-2-28":{"cases":0,"deaths":0,"recovered":0,"active":0,"growthFactor":null},"2020-2-29":{"cases":2,"deaths":0,"recovered":0,"active":2,"growthFactor":null},"2020-3-1":{"cases":3,"deaths":0,"recovered":0,"active":3,"growthFactor":1.5},"2020-3-2":{"cases":9,"deaths":0,"recovered":0,"active":9,"growthFactor":3},"2020-3-3":{"cases":13,"deaths":0,"recovered":0,"active":13,"growthFactor":1.4444444444444444},"2020-3-4":{"cases":17,"deaths":0,"recovered":0,"active":17,"growthFactor":1.3076923076923077},"2020-3-5":{"cases":17,"deaths":1,"recovered":0,"active":16,"growthFactor":1},"2020-3-6":{"cases":45,"deaths":1,"recovered":0,"active":44,"growthFactor":2.6470588235294117},"2020-3-7":{"cases":45,"deaths":1,"recovered":0,"active":44,"growthFactor":1},"2020-3-8":{"cases":102,"deaths":5,"recovered":0,"active":97,"growthFactor":2.2666666666666666},"2020-3-9":{"cases":149,"deaths":5,"recovered":0,"active":144,"growthFactor":1.4607843137254901},"2020-3-10":{"cases":195,"deaths":6,"recovered":0,"active":189,"growthFactor":1.308724832214765},"2020-3-11":{"cases":225,"deaths":6,"recovered":0,"active":219,"growthFactor":1.1538461538461537},"2020-3-12":{"cases":346,"deaths":11,"recovered":0,"active":335,"growthFactor":1.5377777777777777},"2020-3-13":{"cases":417,"deaths":14,"recovered":0,"active":403,"growthFactor":1.2052023121387283},"2020-3-14":{"cases":417,"deaths":14,"recovered":0,"active":403,"growthFactor":1},"2020-3-15":{"cases":630,"deaths":23,"recovered":0,"active":607,"growthFactor":1.5107913669064748},"2020-3-16":{"cases":630,"deaths":23,"recovered":5,"active":602,"growthFactor":1},"2020-3-17":{"cases":765,"deaths":36,"recovered":11,"active":718,"growthFactor":1.2142857142857142},"2020-3-18":{"cases":973,"deaths":40,"recovered":14,"active":919,"growthFactor":1.2718954248366012},"2020-3-19":{"cases":1190,"deaths":53,"recovered":18,"active":1119,"growthFactor":1.223021582733813},"2020-3-20":{"cases":1465,"deaths":71,"recovered":21,"active":1373,"growthFactor":1.23109243697479},"2020-3-21":{"cases":1725,"deaths":85,"recovered":165,"active":1475,"growthFactor":1.1774744027303754},"2020-3-22":{"cases":2097,"deaths":97,"recovered":216,"active":1784,"growthFactor":1.2156521739130435},"2020-3-23":{"cases":2421,"deaths":120,"recovered":283,"active":2018,"growthFactor":1.1545064377682404},"2020-3-24":{"cases":2728,"deaths":133,"recovered":344,"active":2251,"growthFactor":1.1268071045022718},"2020-3-25":{"cases":3271,"deaths":155,"recovered":466,"active":2650,"growthFactor":1.1990469208211143},"2020-3-26":{"cases":3946,"deaths":180,"recovered":621,"active":3145,"growthFactor":1.2063589116478142},"2020-3-27":{"cases":4601,"deaths":207,"recovered":814,"active":3580,"growthFactor":1.1659908768373035},"2020-3-28":{"cases":5136,"deaths":221,"recovered":1023,"active":3892,"growthFactor":1.1162790697674418},"2020-3-29":{"cases":5740,"deaths":265,"recovered":1503,"active":3972,"growthFactor":1.117601246105919},"2020-3-30":{"cases":6057,"deaths":297,"recovered":1646,"active":4114,"growthFactor":1.0552264808362368},"2020-3-31":{"cases":6320,"deaths":325,"recovered":1796,"active":4199,"growthFactor":1.0434208353970613},"2020-4-1":{"cases":6838,"deaths":369,"recovered":2165,"active":4304,"growthFactor":1.0819620253164557},"2020-4-2":{"cases":7317,"deaths":412,"recovered":2490,"active":4415,"growthFactor":1.0700497221409768}},"country":"ESP","url":"https://github.com/datadista/datasets/tree/master/COVID%2019","aggregate":"state","sources":[{"name":"Ministerio de Sanidad","url":"https://www.mscbs.gob.es/profesionales/saludPublica/ccayes/alertasActual/nCov-China/situacionActual.htm","description":"Government of Spain, Ministry of Health"},{"name":"Departamento de Seguridad Nacional","url":"https://www.dsn.gob.es/gl/current-affairs/press-room","description":"Government of Spain, Department of National Security"}],"curators":[{"name":"Antonio Delgado","url":"https://datadista.com/","twitter":"@adelgado","github":"adelgadob"}],"maintainers":[{"name":"Herb Caudill","url":"https://devresults.com","twitter":"@herbcaudill","github":"herbcaudill"}],"state":"País Vasco","rating":0.6274509803921569,"name":"País Vasco, ESP","level":"state","coordinates":[-2.5893205,42.96479],"tz":["Europe/Madrid"],"featureId":287,"population":2181919}