{"dates":{"2020-2-24":{"cases":3,"deaths":0,"recovered":0,"active":3,"tested":141},"2020-2-25":{"cases":3,"deaths":0,"recovered":0,"active":3,"tested":141,"growthFactor":1},"2020-2-26":{"cases":3,"deaths":0,"recovered":0,"active":3,"tested":156,"growthFactor":1},"2020-2-27":{"cases":2,"deaths":0,"recovered":0,"active":2,"tested":156,"growthFactor":0.6666666666666666},"2020-2-28":{"cases":11,"deaths":0,"recovered":0,"active":11,"tested":227,"growthFactor":5.5},"2020-2-29":{"cases":11,"deaths":0,"recovered":0,"active":11,"tested":308,"growthFactor":1},"2020-3-1":{"cases":49,"deaths":0,"recovered":0,"active":49,"tested":362,"growthFactor":4.454545454545454},"2020-3-2":{"cases":51,"deaths":0,"recovered":0,"active":51,"tested":434,"growthFactor":1.0408163265306123},"2020-3-3":{"cases":56,"deaths":0,"recovered":0,"active":56,"tested":458,"growthFactor":1.0980392156862746},"2020-3-4":{"cases":82,"deaths":0,"recovered":0,"active":82,"tested":543,"growthFactor":1.4642857142857142},"2020-3-5":{"cases":108,"deaths":2,"recovered":0,"active":106,"tested":543,"growthFactor":1.3170731707317074},"2020-3-6":{"cases":143,"deaths":4,"recovered":0,"active":139,"tested":793,"growthFactor":1.3240740740740742},"2020-3-7":{"cases":207,"deaths":5,"recovered":0,"active":202,"tested":1046,"growthFactor":1.4475524475524475},"2020-3-8":{"cases":360,"deaths":5,"recovered":0,"active":355,"tested":1636,"growthFactor":1.7391304347826086},"2020-3-9":{"cases":350,"deaths":13,"recovered":0,"active":337,"tested":1681,"growthFactor":0.9722222222222222},"2020-3-10":{"cases":453,"deaths":17,"recovered":0,"active":436,"tested":2374,"growthFactor":1.2942857142857143},"2020-3-11":{"cases":501,"deaths":21,"recovered":0,"active":480,"tested":2431,"growthFactor":1.1059602649006623},"2020-3-12":{"cases":580,"deaths":26,"recovered":0,"active":554,"tested":2879,"growthFactor":1.157684630738523},"2020-3-13":{"cases":840,"deaths":46,"recovered":0,"active":794,"tested":3105,"growthFactor":1.4482758620689655},"2020-3-14":{"cases":873,"deaths":59,"recovered":0,"active":814,"tested":3680,"growthFactor":1.0392857142857144},"2020-3-15":{"cases":1111,"deaths":81,"recovered":0,"active":1030,"tested":4375,"growthFactor":1.27262313860252},"2020-3-16":{"cases":1516,"deaths":111,"recovered":0,"active":1405,"tested":5588,"growthFactor":1.3645364536453646},"2020-3-17":{"cases":1897,"deaths":133,"recovered":0,"active":1764,"tested":6543,"growthFactor":1.2513192612137203},"2020-3-18":{"cases":2341,"deaths":154,"recovered":0,"active":2187,"tested":7516,"growthFactor":1.2340537691091196},"2020-3-19":{"cases":2932,"deaths":175,"recovered":3,"active":2754,"tested":8853,"growthFactor":1.25245621529261},"2020-3-20":{"cases":3461,"deaths":209,"recovered":8,"active":3244,"tested":9975,"growthFactor":1.1804229195088676},"2020-3-21":{"cases":3752,"deaths":238,"recovered":8,"active":3506,"tested":10701,"growthFactor":1.0840797457382259},"2020-3-22":{"cases":4420,"deaths":283,"recovered":10,"active":4127,"tested":12701,"growthFactor":1.1780383795309168},"2020-3-23":{"cases":4861,"deaths":315,"recovered":17,"active":4529,"tested":13560,"growthFactor":1.0997737556561087},"2020-3-24":{"cases":5515,"deaths":374,"recovered":17,"active":5124,"tested":15469,"growthFactor":1.1345402180621271},"2020-3-25":{"cases":6024,"deaths":449,"recovered":19,"active":5556,"tested":16655,"growthFactor":1.0922937443336356},"2020-3-26":{"cases":6534,"deaths":449,"recovered":135,"active":5950,"tested":18054,"growthFactor":1.0846613545816732},"2020-3-27":{"cases":7092,"deaths":569,"recovered":176,"active":6347,"tested":19705,"growthFactor":1.0853994490358128},"2020-3-28":{"cases":7671,"deaths":617,"recovered":203,"active":6851,"tested":21511,"growthFactor":1.0816412859560067},"2020-3-29":{"cases":8206,"deaths":684,"recovered":254,"active":7268,"tested":24058,"growthFactor":1.0697431886325122},"2020-3-30":{"cases":8712,"deaths":749,"recovered":308,"active":7655,"tested":25478,"growthFactor":1.061662198391421},"2020-3-31":{"cases":9301,"deaths":854,"recovered":365,"active":8082,"tested":27658,"growthFactor":1.0676078971533518},"2020-4-1":{"cases":9795,"deaths":886,"recovered":439,"active":8470,"tested":30060,"growthFactor":1.0531125685410172},"2020-4-2":{"cases":10353,"deaths":983,"recovered":571,"active":8799,"tested":32100,"growthFactor":1.0569678407350689}},"country":"ITA","url":"https://raw.githubusercontent.com/pcm-dpc/COVID-19/master/dati-regioni/dpc-covid19-ita-regioni.csv","aggregate":"state","state":"Piemont","rating":0.7058823529411765,"stateId":"iso2:IT-21","name":"Piemont, ITA","level":"state","coordinates":[7.922000000000001,45.2625],"tz":["Europe/Rome"],"featureId":"iso2:IT-21","population":4356406}