{"dates":{"2020-2-24":{"cases":3,"deaths":0,"recovered":0,"active":3},"2020-2-25":{"cases":3,"deaths":0,"recovered":0,"active":3,"growthFactor":1},"2020-2-26":{"cases":3,"deaths":0,"recovered":0,"active":3,"growthFactor":1},"2020-2-27":{"cases":2,"deaths":0,"recovered":0,"active":2,"growthFactor":0.6666666666666666},"2020-2-28":{"cases":11,"deaths":0,"recovered":0,"active":11,"growthFactor":5.5},"2020-2-29":{"cases":11,"deaths":0,"recovered":0,"active":11,"growthFactor":1},"2020-3-1":{"cases":49,"deaths":0,"recovered":0,"active":49,"growthFactor":4.454545454545454},"2020-3-2":{"cases":51,"deaths":0,"recovered":0,"active":51,"growthFactor":1.0408163265306123},"2020-3-3":{"cases":56,"deaths":0,"recovered":0,"active":56,"growthFactor":1.0980392156862746},"2020-3-4":{"cases":82,"deaths":0,"recovered":0,"active":82,"growthFactor":1.4642857142857142},"2020-3-5":{"cases":108,"deaths":2,"recovered":0,"active":106,"growthFactor":1.3170731707317074},"2020-3-6":{"cases":143,"deaths":4,"recovered":0,"active":139,"growthFactor":1.3240740740740742},"2020-3-7":{"cases":207,"deaths":5,"recovered":0,"active":202,"growthFactor":1.4475524475524475},"2020-3-8":{"cases":360,"deaths":5,"recovered":0,"active":355,"growthFactor":1.7391304347826086},"2020-3-9":{"cases":350,"deaths":13,"recovered":0,"active":337,"growthFactor":0.9722222222222222},"2020-3-10":{"cases":453,"deaths":17,"recovered":0,"active":436,"growthFactor":1.2942857142857143},"2020-3-11":{"cases":501,"deaths":21,"recovered":0,"active":480,"growthFactor":1.1059602649006623},"2020-3-12":{"cases":580,"deaths":26,"recovered":0,"active":554,"growthFactor":1.157684630738523},"2020-3-13":{"cases":840,"deaths":46,"recovered":0,"active":794,"growthFactor":1.4482758620689655},"2020-3-14":{"cases":873,"deaths":59,"recovered":0,"active":814,"growthFactor":1.0392857142857144},"2020-3-15":{"cases":1111,"deaths":81,"recovered":0,"active":1030,"growthFactor":1.27262313860252},"2020-3-16":{"cases":1516,"deaths":111,"recovered":0,"active":1405,"growthFactor":1.3645364536453646},"2020-3-17":{"cases":1897,"deaths":133,"recovered":0,"active":1764,"growthFactor":1.2513192612137203},"2020-3-18":{"cases":2341,"deaths":154,"recovered":0,"active":2187,"growthFactor":1.2340537691091196},"2020-3-19":{"cases":2932,"deaths":175,"recovered":3,"active":2754,"growthFactor":1.25245621529261},"2020-3-20":{"cases":3461,"deaths":209,"recovered":8,"active":3244,"growthFactor":1.1804229195088676},"2020-3-21":{"cases":3752,"deaths":238,"recovered":8,"active":3506,"growthFactor":1.0840797457382259},"2020-3-22":{"cases":4420,"deaths":283,"recovered":10,"active":4127,"growthFactor":1.1780383795309168},"2020-3-23":{"cases":4861,"deaths":315,"recovered":17,"active":4529,"growthFactor":1.0997737556561087},"2020-3-24":{"cases":5515,"deaths":374,"recovered":17,"active":5124,"growthFactor":1.1345402180621271},"2020-3-25":{"cases":6024,"deaths":449,"recovered":19,"active":5556,"growthFactor":1.0922937443336356},"2020-3-26":{"cases":6534,"deaths":449,"recovered":135,"active":5950,"growthFactor":1.0846613545816732}},"country":"ITA","url":"https://raw.githubusercontent.com/pcm-dpc/COVID-19/master/dati-regioni/dpc-covid19-ita-regioni.csv","aggregate":"state","state":"Piemonte","rating":0.6274509803921569,"coordinates":[7.920205809104651,45.2610218282163],"tz":["Europe/Rome"],"featureId":329,"population":4356406}