{"dates":{"2020-1-22":{"cases":9,"deaths":0,"recovered":0,"active":9},"2020-1-23":{"cases":16,"deaths":0,"recovered":0,"active":16,"growthFactor":1.7777777777777777},"2020-1-24":{"cases":20,"deaths":0,"recovered":1,"active":19,"growthFactor":1.25},"2020-1-25":{"cases":33,"deaths":0,"recovered":1,"active":32,"growthFactor":1.65},"2020-1-26":{"cases":40,"deaths":1,"recovered":1,"active":38,"growthFactor":1.2121212121212122},"2020-1-27":{"cases":53,"deaths":1,"recovered":3,"active":49,"growthFactor":1.325},"2020-1-28":{"cases":66,"deaths":1,"recovered":4,"active":61,"growthFactor":1.2452830188679245},"2020-1-29":{"cases":96,"deaths":1,"recovered":5,"active":90,"growthFactor":1.4545454545454546},"2020-1-30":{"cases":112,"deaths":1,"recovered":5,"active":106,"growthFactor":1.1666666666666667},"2020-1-31":{"cases":135,"deaths":1,"recovered":9,"active":125,"growthFactor":1.2053571428571428},"2020-2-1":{"cases":169,"deaths":1,"recovered":10,"active":158,"growthFactor":1.2518518518518518},"2020-2-2":{"cases":182,"deaths":1,"recovered":10,"active":171,"growthFactor":1.0769230769230769},"2020-2-3":{"cases":203,"deaths":1,"recovered":10,"active":192,"growthFactor":1.1153846153846154},"2020-2-4":{"cases":219,"deaths":1,"recovered":12,"active":206,"growthFactor":1.0788177339901477},"2020-2-5":{"cases":243,"deaths":1,"recovered":15,"active":227,"growthFactor":1.1095890410958904},"2020-2-6":{"cases":257,"deaths":1,"recovered":25,"active":231,"growthFactor":1.0576131687242798},"2020-2-7":{"cases":277,"deaths":1,"recovered":30,"active":246,"growthFactor":1.0778210116731517},"2020-2-8":{"cases":286,"deaths":1,"recovered":41,"active":244,"growthFactor":1.032490974729242},"2020-2-9":{"cases":293,"deaths":1,"recovered":44,"active":248,"growthFactor":1.0244755244755244},"2020-2-10":{"cases":299,"deaths":1,"recovered":48,"active":250,"growthFactor":1.0204778156996588},"2020-2-11":{"cases":303,"deaths":1,"recovered":52,"active":250,"growthFactor":1.0133779264214047},"2020-2-12":{"cases":311,"deaths":1,"recovered":57,"active":253,"growthFactor":1.0264026402640265},"2020-2-13":{"cases":315,"deaths":1,"recovered":62,"active":252,"growthFactor":1.0128617363344052},"2020-2-14":{"cases":318,"deaths":1,"recovered":90,"active":227,"growthFactor":1.0095238095238095},"2020-2-15":{"cases":326,"deaths":1,"recovered":124,"active":201,"growthFactor":1.0251572327044025},"2020-2-16":{"cases":328,"deaths":1,"recovered":140,"active":187,"growthFactor":1.0061349693251533},"2020-2-17":{"cases":333,"deaths":1,"recovered":161,"active":171,"growthFactor":1.0152439024390243},"2020-2-18":{"cases":333,"deaths":1,"recovered":177,"active":155,"growthFactor":1},"2020-2-19":{"cases":333,"deaths":2,"recovered":186,"active":145,"growthFactor":1},"2020-2-20":{"cases":334,"deaths":2,"recovered":199,"active":133,"growthFactor":1.003003003003003},"2020-2-21":{"cases":334,"deaths":2,"recovered":211,"active":121,"growthFactor":1},"2020-2-22":{"cases":335,"deaths":3,"recovered":227,"active":105,"growthFactor":1.0029940119760479},"2020-2-23":{"cases":335,"deaths":3,"recovered":249,"active":83,"growthFactor":1},"2020-2-24":{"cases":335,"deaths":3,"recovered":261,"active":71,"growthFactor":1},"2020-2-25":{"cases":336,"deaths":3,"recovered":268,"active":65,"growthFactor":1.0029850746268656},"2020-2-26":{"cases":337,"deaths":3,"recovered":272,"active":62,"growthFactor":1.0029761904761905},"2020-2-27":{"cases":337,"deaths":3,"recovered":276,"active":58,"growthFactor":1},"2020-2-28":{"cases":337,"deaths":3,"recovered":279,"active":55,"growthFactor":1},"2020-2-29":{"cases":337,"deaths":3,"recovered":287,"active":47,"growthFactor":1},"2020-3-1":{"cases":337,"deaths":3,"recovered":290,"active":44,"growthFactor":1},"2020-3-2":{"cases":337,"deaths":3,"recovered":292,"active":42,"growthFactor":1},"2020-3-3":{"cases":338,"deaths":3,"recovered":294,"active":41,"growthFactor":1.002967359050445},"2020-3-4":{"cases":338,"deaths":3,"recovered":298,"active":37,"growthFactor":1},"2020-3-5":{"cases":339,"deaths":3,"recovered":303,"active":33,"growthFactor":1.0029585798816567},"2020-3-6":{"cases":342,"deaths":3,"recovered":306,"active":33,"growthFactor":1.008849557522124},"2020-3-7":{"cases":342,"deaths":3,"recovered":313,"active":26,"growthFactor":1},"2020-3-8":{"cases":342,"deaths":3,"recovered":314,"active":25,"growthFactor":1},"2020-3-9":{"cases":342,"deaths":3,"recovered":315,"active":24,"growthFactor":1},"2020-3-10":{"cases":344,"deaths":3,"recovered":319,"active":22,"growthFactor":1.0058479532163742},"2020-3-11":{"cases":344,"deaths":3,"recovered":320,"active":21,"growthFactor":1},"2020-3-12":{"cases":344,"deaths":3,"recovered":321,"active":20,"growthFactor":1},"2020-3-13":{"cases":346,"deaths":3,"recovered":324,"active":19,"growthFactor":1.005813953488372},"2020-3-14":{"cases":353,"deaths":3,"recovered":324,"active":26,"growthFactor":1.0202312138728324},"2020-3-15":{"cases":353,"deaths":3,"recovered":324,"active":26,"growthFactor":1},"2020-3-16":{"cases":355,"deaths":3,"recovered":325,"active":27,"growthFactor":1.0056657223796035},"2020-3-17":{"cases":358,"deaths":3,"recovered":325,"active":30,"growthFactor":1.008450704225352},"2020-3-18":{"cases":361,"deaths":3,"recovered":326,"active":32,"growthFactor":1.0083798882681565},"2020-3-19":{"cases":363,"deaths":3,"recovered":326,"active":34,"growthFactor":1.005540166204986},"2020-3-20":{"cases":371,"deaths":3,"recovered":326,"active":42,"growthFactor":1.022038567493113},"2020-3-21":{"cases":380,"deaths":3,"recovered":327,"active":50,"growthFactor":1.0242587601078168},"2020-3-22":{"cases":394,"deaths":4,"recovered":328,"active":62,"growthFactor":1.0368421052631578},"2020-3-23":{"cases":404,"deaths":4,"recovered":329,"active":71,"growthFactor":1.0253807106598984},"2020-3-24":{"cases":414,"deaths":4,"growthFactor":1.0247524752475248},"2020-3-25":{"cases":433,"deaths":5,"growthFactor":1.0458937198067633},"2020-3-26":{"cases":451,"deaths":5,"growthFactor":1.0415704387990763},"2020-3-27":{"cases":468,"deaths":5,"growthFactor":1.0376940133037693},"2020-3-28":{"cases":485,"deaths":5,"growthFactor":1.0363247863247864},"2020-3-29":{"cases":492,"deaths":5,"growthFactor":1.0144329896907216},"2020-3-30":{"cases":498,"deaths":5,"growthFactor":1.0121951219512195},"2020-3-31":{"cases":509,"deaths":5,"growthFactor":1.0220883534136547},"2020-4-1":{"cases":0,"deaths":0,"growthFactor":0}},"maintainers":[{"name":"Larry Davis","email":"lazdnet@gmail.com","twitter":"lazdnet","github":"lazd","country":"USA","state":"CA","county":"San Francisco","city":"San Francisco","flag":"🇺🇸"}],"url":"https://github.com/CSSEGISandData/COVID-19","curators":[{"name":"JHU CSSE","url":"https://systems.jhu.edu/research/public-health/ncov/"}],"aggregate":"state","country":"CHN","coordinates":[121.43153719907554,31.266158547445322],"state":"Shanghai","rating":0.5098039215686274,"tz":["Asia/Shanghai"],"featureId":54,"population":24240000}