{"dates":{"2020-1-22":{"cases":1,"deaths":0,"recovered":0,"active":1},"2020-1-23":{"cases":1,"deaths":0,"recovered":0,"active":1,"growthFactor":1},"2020-1-24":{"cases":1,"deaths":0,"recovered":0,"active":1,"growthFactor":1},"2020-1-25":{"cases":6,"deaths":0,"recovered":0,"active":6,"growthFactor":6},"2020-1-26":{"cases":9,"deaths":0,"recovered":0,"active":9,"growthFactor":1.5},"2020-1-27":{"cases":13,"deaths":0,"recovered":0,"active":13,"growthFactor":1.4444444444444444},"2020-1-28":{"cases":27,"deaths":0,"recovered":0,"active":27,"growthFactor":2.076923076923077},"2020-1-29":{"cases":27,"deaths":0,"recovered":1,"active":26,"growthFactor":1},"2020-1-30":{"cases":35,"deaths":0,"recovered":1,"active":34,"growthFactor":1.2962962962962963},"2020-1-31":{"cases":39,"deaths":0,"recovered":1,"active":38,"growthFactor":1.1142857142857143},"2020-2-1":{"cases":47,"deaths":0,"recovered":1,"active":46,"growthFactor":1.205128205128205},"2020-2-2":{"cases":66,"deaths":0,"recovered":3,"active":63,"growthFactor":1.4042553191489362},"2020-2-3":{"cases":74,"deaths":0,"recovered":2,"active":72,"growthFactor":1.121212121212121},"2020-2-4":{"cases":81,"deaths":0,"recovered":4,"active":77,"growthFactor":1.0945945945945945},"2020-2-5":{"cases":81,"deaths":0,"recovered":5,"active":76,"growthFactor":1},"2020-2-6":{"cases":96,"deaths":0,"recovered":12,"active":84,"growthFactor":1.1851851851851851},"2020-2-7":{"cases":104,"deaths":0,"recovered":15,"active":89,"growthFactor":1.0833333333333333},"2020-2-8":{"cases":115,"deaths":0,"recovered":21,"active":94,"growthFactor":1.1057692307692308},"2020-2-9":{"cases":119,"deaths":0,"recovered":25,"active":94,"growthFactor":1.0347826086956522},"2020-2-10":{"cases":119,"deaths":0,"recovered":25,"active":94,"growthFactor":1},"2020-2-11":{"cases":124,"deaths":0,"recovered":30,"active":94,"growthFactor":1.0420168067226891},"2020-2-12":{"cases":126,"deaths":0,"recovered":33,"active":93,"growthFactor":1.0161290322580645},"2020-2-13":{"cases":126,"deaths":0,"recovered":36,"active":90,"growthFactor":1},"2020-2-14":{"cases":127,"deaths":0,"recovered":38,"active":89,"growthFactor":1.007936507936508},"2020-2-15":{"cases":128,"deaths":0,"recovered":46,"active":82,"growthFactor":1.0078740157480315},"2020-2-16":{"cases":129,"deaths":0,"recovered":50,"active":79,"growthFactor":1.0078125},"2020-2-17":{"cases":130,"deaths":0,"recovered":53,"active":77,"growthFactor":1.0077519379844961},"2020-2-18":{"cases":131,"deaths":0,"recovered":61,"active":70,"growthFactor":1.0076923076923077},"2020-2-19":{"cases":131,"deaths":0,"recovered":68,"active":63,"growthFactor":1},"2020-2-20":{"cases":132,"deaths":0,"recovered":76,"active":56,"growthFactor":1.0076335877862594},"2020-2-21":{"cases":132,"deaths":0,"recovered":78,"active":54,"growthFactor":1},"2020-2-22":{"cases":132,"deaths":0,"recovered":81,"active":51,"growthFactor":1},"2020-2-23":{"cases":132,"deaths":0,"recovered":88,"active":44,"growthFactor":1},"2020-2-24":{"cases":133,"deaths":0,"recovered":94,"active":39,"growthFactor":1.0075757575757576},"2020-2-25":{"cases":133,"deaths":0,"recovered":98,"active":35,"growthFactor":1},"2020-2-26":{"cases":133,"deaths":0,"recovered":104,"active":29,"growthFactor":1},"2020-2-27":{"cases":133,"deaths":0,"recovered":107,"active":26,"growthFactor":1},"2020-2-28":{"cases":133,"deaths":0,"recovered":112,"active":21,"growthFactor":1},"2020-2-29":{"cases":133,"deaths":0,"recovered":114,"active":19,"growthFactor":1},"2020-3-1":{"cases":133,"deaths":0,"recovered":116,"active":17,"growthFactor":1},"2020-3-2":{"cases":133,"deaths":0,"recovered":119,"active":14,"growthFactor":1},"2020-3-3":{"cases":133,"deaths":0,"recovered":124,"active":9,"growthFactor":1},"2020-3-4":{"cases":133,"deaths":0,"recovered":124,"active":9,"growthFactor":1},"2020-3-5":{"cases":133,"deaths":0,"recovered":126,"active":7,"growthFactor":1},"2020-3-6":{"cases":133,"deaths":0,"recovered":126,"active":7,"growthFactor":1},"2020-3-7":{"cases":133,"deaths":0,"recovered":126,"active":7,"growthFactor":1},"2020-3-8":{"cases":133,"deaths":0,"recovered":126,"active":7,"growthFactor":1},"2020-3-9":{"cases":133,"deaths":0,"recovered":127,"active":6,"growthFactor":1},"2020-3-10":{"cases":133,"deaths":0,"recovered":131,"active":2,"growthFactor":1},"2020-3-11":{"cases":133,"deaths":0,"recovered":131,"active":2,"growthFactor":1},"2020-3-12":{"cases":133,"deaths":0,"recovered":132,"active":1,"growthFactor":1},"2020-3-13":{"cases":133,"deaths":0,"recovered":133,"active":0,"growthFactor":1},"2020-3-14":{"cases":133,"deaths":0,"recovered":133,"active":0,"growthFactor":1},"2020-3-15":{"cases":133,"deaths":0,"recovered":133,"active":0,"growthFactor":1},"2020-3-16":{"cases":133,"deaths":0,"recovered":133,"active":0,"growthFactor":1},"2020-3-17":{"cases":133,"deaths":0,"recovered":133,"active":0,"growthFactor":1},"2020-3-18":{"cases":133,"deaths":0,"recovered":133,"active":0,"growthFactor":1},"2020-3-19":{"cases":133,"deaths":0,"recovered":133,"active":0,"growthFactor":1},"2020-3-20":{"cases":133,"deaths":0,"recovered":133,"active":0,"growthFactor":1},"2020-3-21":{"cases":133,"deaths":0,"recovered":133,"active":0,"growthFactor":1},"2020-3-22":{"cases":133,"deaths":0,"recovered":133,"active":0,"growthFactor":1},"2020-3-23":{"cases":133,"deaths":0,"recovered":133,"active":0,"growthFactor":1},"2020-3-24":{"cases":134,"deaths":0,"growthFactor":1.0075187969924813},"2020-3-25":{"cases":134,"deaths":0,"growthFactor":1},"2020-3-26":{"cases":135,"deaths":0,"growthFactor":1.007462686567164},"2020-3-27":{"cases":135,"deaths":0,"growthFactor":1},"2020-3-28":{"cases":135,"deaths":0,"growthFactor":1},"2020-3-29":{"cases":136,"deaths":0,"growthFactor":1.0074074074074073},"2020-3-30":{"cases":136,"deaths":0,"growthFactor":1},"2020-3-31":{"cases":136,"deaths":0,"growthFactor":1}},"maintainers":[{"name":"Larry Davis","email":"lazdnet@gmail.com","twitter":"lazdnet","github":"lazd","country":"USA","state":"CA","county":"San Francisco","city":"San Francisco","flag":"🇺🇸"}],"url":"https://github.com/CSSEGISandData/COVID-19","curators":[{"name":"JHU CSSE","url":"https://systems.jhu.edu/research/public-health/ncov/"}],"aggregate":"state","country":"CHN","coordinates":[112.3891919290642,37.66312775369286],"state":"Shanxi","rating":0.5098039215686274,"tz":["Asia/Shanghai"],"featureId":55,"population":37180000}