{"dates":{"2020-1-22":{"cases":4,"deaths":0,"recovered":0,"active":4},"2020-1-23":{"cases":4,"deaths":0,"recovered":0,"active":4,"growthFactor":1},"2020-1-24":{"cases":8,"deaths":0,"recovered":0,"active":8,"growthFactor":2},"2020-1-25":{"cases":10,"deaths":0,"recovered":0,"active":10,"growthFactor":1.25},"2020-1-26":{"cases":14,"deaths":0,"recovered":0,"active":14,"growthFactor":1.4},"2020-1-27":{"cases":23,"deaths":0,"recovered":0,"active":23,"growthFactor":1.6428571428571428},"2020-1-28":{"cases":24,"deaths":0,"recovered":0,"active":24,"growthFactor":1.0434782608695652},"2020-1-29":{"cases":27,"deaths":0,"recovered":0,"active":27,"growthFactor":1.125},"2020-1-30":{"cases":31,"deaths":0,"recovered":0,"active":31,"growthFactor":1.1481481481481481},"2020-1-31":{"cases":32,"deaths":0,"recovered":0,"active":32,"growthFactor":1.032258064516129},"2020-2-1":{"cases":41,"deaths":0,"recovered":0,"active":41,"growthFactor":1.28125},"2020-2-2":{"cases":48,"deaths":0,"recovered":1,"active":47,"growthFactor":1.170731707317073},"2020-2-3":{"cases":60,"deaths":0,"recovered":1,"active":59,"growthFactor":1.25},"2020-2-4":{"cases":67,"deaths":0,"recovered":2,"active":65,"growthFactor":1.1166666666666667},"2020-2-5":{"cases":69,"deaths":1,"recovered":2,"active":66,"growthFactor":1.0298507462686568},"2020-2-6":{"cases":79,"deaths":1,"recovered":2,"active":76,"growthFactor":1.144927536231884},"2020-2-7":{"cases":81,"deaths":1,"recovered":2,"active":78,"growthFactor":1.0253164556962024},"2020-2-8":{"cases":88,"deaths":1,"recovered":4,"active":83,"growthFactor":1.0864197530864197},"2020-2-9":{"cases":91,"deaths":1,"recovered":4,"active":86,"growthFactor":1.0340909090909092},"2020-2-10":{"cases":95,"deaths":1,"recovered":8,"active":86,"growthFactor":1.043956043956044},"2020-2-11":{"cases":106,"deaths":2,"recovered":10,"active":94,"growthFactor":1.1157894736842104},"2020-2-12":{"cases":112,"deaths":2,"recovered":11,"active":99,"growthFactor":1.0566037735849056},"2020-2-13":{"cases":119,"deaths":3,"recovered":21,"active":95,"growthFactor":1.0625},"2020-2-14":{"cases":120,"deaths":3,"recovered":31,"active":86,"growthFactor":1.0084033613445378},"2020-2-15":{"cases":122,"deaths":3,"recovered":37,"active":82,"growthFactor":1.0166666666666666},"2020-2-16":{"cases":124,"deaths":3,"recovered":45,"active":76,"growthFactor":1.0163934426229508},"2020-2-17":{"cases":125,"deaths":3,"recovered":46,"active":76,"growthFactor":1.0080645161290323},"2020-2-18":{"cases":128,"deaths":3,"recovered":48,"active":77,"growthFactor":1.024},"2020-2-19":{"cases":130,"deaths":3,"recovered":54,"active":73,"growthFactor":1.015625},"2020-2-20":{"cases":131,"deaths":3,"recovered":59,"active":69,"growthFactor":1.0076923076923077},"2020-2-21":{"cases":132,"deaths":3,"recovered":62,"active":67,"growthFactor":1.0076335877862594},"2020-2-22":{"cases":135,"deaths":3,"recovered":65,"active":67,"growthFactor":1.0227272727272727},"2020-2-23":{"cases":135,"deaths":3,"recovered":81,"active":51,"growthFactor":1},"2020-2-24":{"cases":135,"deaths":3,"recovered":87,"active":45,"growthFactor":1},"2020-2-25":{"cases":135,"deaths":3,"recovered":91,"active":41,"growthFactor":1},"2020-2-26":{"cases":135,"deaths":3,"recovered":96,"active":36,"growthFactor":1},"2020-2-27":{"cases":136,"deaths":3,"recovered":102,"active":31,"growthFactor":1.0074074074074073},"2020-2-28":{"cases":136,"deaths":3,"recovered":102,"active":31,"growthFactor":1},"2020-2-29":{"cases":136,"deaths":3,"recovered":109,"active":24,"growthFactor":1},"2020-3-1":{"cases":136,"deaths":3,"recovered":111,"active":22,"growthFactor":1},"2020-3-2":{"cases":136,"deaths":3,"recovered":111,"active":22,"growthFactor":1},"2020-3-3":{"cases":136,"deaths":3,"recovered":124,"active":9,"growthFactor":1},"2020-3-4":{"cases":136,"deaths":3,"recovered":124,"active":9,"growthFactor":1},"2020-3-5":{"cases":136,"deaths":3,"recovered":128,"active":5,"growthFactor":1},"2020-3-6":{"cases":136,"deaths":3,"recovered":128,"active":5,"growthFactor":1},"2020-3-7":{"cases":136,"deaths":3,"recovered":128,"active":5,"growthFactor":1},"2020-3-8":{"cases":136,"deaths":3,"recovered":128,"active":5,"growthFactor":1},"2020-3-9":{"cases":136,"deaths":3,"recovered":130,"active":3,"growthFactor":1},"2020-3-10":{"cases":136,"deaths":3,"recovered":131,"active":2,"growthFactor":1},"2020-3-11":{"cases":136,"deaths":3,"recovered":131,"active":2,"growthFactor":1},"2020-3-12":{"cases":136,"deaths":3,"recovered":132,"active":1,"growthFactor":1},"2020-3-13":{"cases":136,"deaths":3,"recovered":132,"active":1,"growthFactor":1},"2020-3-14":{"cases":136,"deaths":3,"recovered":132,"active":1,"growthFactor":1},"2020-3-15":{"cases":136,"deaths":3,"recovered":133,"active":0,"growthFactor":1},"2020-3-16":{"cases":136,"deaths":3,"recovered":133,"active":0,"growthFactor":1},"2020-3-17":{"cases":136,"deaths":3,"recovered":133,"active":0,"growthFactor":1},"2020-3-18":{"cases":136,"deaths":3,"recovered":133,"active":0,"growthFactor":1},"2020-3-19":{"cases":137,"deaths":3,"recovered":133,"active":1,"growthFactor":1.0073529411764706},"2020-3-20":{"cases":137,"deaths":3,"recovered":133,"active":1,"growthFactor":1},"2020-3-21":{"cases":137,"deaths":3,"recovered":133,"active":1,"growthFactor":1},"2020-3-22":{"cases":137,"deaths":3,"recovered":133,"active":1,"growthFactor":1},"2020-3-23":{"cases":141,"deaths":3,"recovered":133,"active":5,"growthFactor":1.0291970802919708},"2020-3-24":{"cases":145,"deaths":3,"growthFactor":1.0283687943262412},"2020-3-25":{"cases":145,"deaths":3,"growthFactor":1},"2020-3-26":{"cases":151,"deaths":3,"growthFactor":1.0413793103448277},"2020-3-27":{"cases":155,"deaths":3,"growthFactor":1.0264900662251655},"2020-3-28":{"cases":161,"deaths":3,"growthFactor":1.038709677419355},"2020-3-29":{"cases":166,"deaths":3,"growthFactor":1.031055900621118},"2020-3-30":{"cases":174,"deaths":3,"growthFactor":1.0481927710843373},"2020-3-31":{"cases":174,"deaths":3,"growthFactor":1}},"maintainers":[{"name":"Larry Davis","email":"lazdnet@gmail.com","twitter":"lazdnet","github":"lazd","country":"USA","state":"CA","county":"San Francisco","city":"San Francisco","flag":"🇺🇸"}],"url":"https://github.com/CSSEGISandData/COVID-19","curators":[{"name":"JHU CSSE","url":"https://systems.jhu.edu/research/public-health/ncov/"}],"aggregate":"state","country":"CHN","coordinates":[117.34508644325369,39.40813751918114],"state":"Tianjin","rating":0.5098039215686274,"tz":["Asia/Shanghai"],"featureId":57,"population":15600000}