{"dates":{"2020-2-24":{"cases":0,"deaths":0,"recovered":0,"active":0,"tested":140},"2020-2-25":{"cases":2,"deaths":0,"recovered":0,"active":2,"tested":296,"growthFactor":null},"2020-2-26":{"cases":2,"deaths":0,"recovered":0,"active":2,"tested":363,"growthFactor":1},"2020-2-27":{"cases":2,"deaths":0,"recovered":0,"active":2,"tested":410,"growthFactor":1},"2020-2-28":{"cases":8,"deaths":0,"recovered":1,"active":7,"tested":437,"growthFactor":4},"2020-2-29":{"cases":11,"deaths":0,"recovered":1,"active":10,"tested":531,"growthFactor":1.375},"2020-3-1":{"cases":13,"deaths":0,"recovered":1,"active":12,"tested":572,"growthFactor":1.1818181818181819},"2020-3-2":{"cases":13,"deaths":0,"recovered":1,"active":12,"tested":613,"growthFactor":1},"2020-3-3":{"cases":19,"deaths":0,"recovered":1,"active":18,"tested":697,"growthFactor":1.4615384615384615},"2020-3-4":{"cases":38,"deaths":0,"recovered":1,"active":37,"tested":776,"growthFactor":2},"2020-3-5":{"cases":61,"deaths":0,"recovered":1,"active":60,"tested":776,"growthFactor":1.605263157894737},"2020-3-6":{"cases":79,"deaths":0,"recovered":1,"active":78,"tested":1097,"growthFactor":1.2950819672131149},"2020-3-7":{"cases":113,"deaths":0,"recovered":1,"active":112,"tested":1331,"growthFactor":1.4303797468354431},"2020-3-8":{"cases":166,"deaths":0,"recovered":1,"active":165,"tested":1618,"growthFactor":1.4690265486725664},"2020-3-9":{"cases":208,"deaths":1,"recovered":1,"active":206,"tested":2018,"growthFactor":1.2530120481927711},"2020-3-10":{"cases":264,"deaths":1,"recovered":3,"active":260,"tested":2573,"growthFactor":1.2692307692307692},"2020-3-11":{"cases":320,"deaths":1,"recovered":5,"active":314,"tested":2804,"growthFactor":1.2121212121212122},"2020-3-12":{"cases":364,"deaths":5,"recovered":7,"active":352,"tested":3165,"growthFactor":1.1375},"2020-3-13":{"cases":470,"deaths":5,"recovered":10,"active":455,"tested":4049,"growthFactor":1.2912087912087913},"2020-3-14":{"cases":630,"deaths":6,"recovered":10,"active":614,"tested":4595,"growthFactor":1.3404255319148937},"2020-3-15":{"cases":781,"deaths":8,"recovered":10,"active":763,"tested":5132,"growthFactor":1.2396825396825397},"2020-3-16":{"cases":866,"deaths":14,"recovered":11,"active":841,"tested":5910,"growthFactor":1.1088348271446864},"2020-3-17":{"cases":1053,"deaths":17,"recovered":12,"active":1024,"tested":6727,"growthFactor":1.2159353348729791},"2020-3-18":{"cases":1330,"deaths":22,"recovered":17,"active":1291,"tested":7606,"growthFactor":1.2630579297245963},"2020-3-19":{"cases":1482,"deaths":38,"recovered":22,"active":1422,"tested":8873,"growthFactor":1.1142857142857143},"2020-3-20":{"cases":1793,"deaths":47,"recovered":33,"active":1713,"tested":10405,"growthFactor":1.2098515519568152},"2020-3-21":{"cases":2012,"deaths":72,"recovered":35,"active":1905,"tested":11909,"growthFactor":1.1221416620189626},"2020-3-22":{"cases":2277,"deaths":91,"recovered":42,"active":2144,"tested":13264,"growthFactor":1.1317097415506958},"2020-3-23":{"cases":2461,"deaths":109,"recovered":51,"active":2301,"tested":13851,"growthFactor":1.0808080808080809},"2020-3-24":{"cases":2699,"deaths":129,"recovered":51,"active":2519,"tested":15701,"growthFactor":1.0967086550182852},"2020-3-25":{"cases":2972,"deaths":142,"recovered":54,"active":2776,"tested":17868,"growthFactor":1.1011485735457578},"2020-3-26":{"cases":3226,"deaths":158,"recovered":95,"active":2973,"tested":20952,"growthFactor":1.085464333781965},"2020-3-27":{"cases":3450,"deaths":177,"recovered":103,"active":3170,"tested":23746,"growthFactor":1.069435833849969},"2020-3-28":{"cases":3817,"deaths":198,"recovered":108,"active":3511,"tested":25613,"growthFactor":1.106376811594203},"2020-3-29":{"cases":4122,"deaths":215,"recovered":121,"active":3786,"tested":27579,"growthFactor":1.0799056850930049}},"country":"ITA","url":"https://raw.githubusercontent.com/pcm-dpc/COVID-19/master/dati-regioni/dpc-covid19-ita-regioni.csv","aggregate":"state","state":"Toscana","rating":0.7058823529411765,"coordinates":[11.02809014521221,43.35572961610775],"tz":["Europe/Rome"],"featureId":296,"population":3729641}