{"dates":{"2020-2-24":{"cases":33,"deaths":1,"recovered":0,"active":32,"tested":2200},"2020-2-25":{"cases":43,"deaths":1,"recovered":0,"active":42,"tested":3780,"growthFactor":1.303030303030303},"2020-2-26":{"cases":71,"deaths":2,"recovered":0,"active":69,"tested":4900,"growthFactor":1.6511627906976745},"2020-2-27":{"cases":111,"deaths":2,"recovered":0,"active":109,"tested":6164,"growthFactor":1.5633802816901408},"2020-2-28":{"cases":151,"deaths":2,"recovered":0,"active":149,"tested":7414,"growthFactor":1.3603603603603605},"2020-2-29":{"cases":191,"deaths":2,"recovered":0,"active":189,"tested":8659,"growthFactor":1.2649006622516556},"2020-3-1":{"cases":263,"deaths":2,"recovered":0,"active":261,"tested":9056,"growthFactor":1.3769633507853403},"2020-3-2":{"cases":273,"deaths":2,"recovered":0,"active":271,"tested":9782,"growthFactor":1.038022813688213},"2020-3-3":{"cases":307,"deaths":3,"recovered":7,"active":297,"tested":10176,"growthFactor":1.1245421245421245},"2020-3-4":{"cases":360,"deaths":6,"recovered":9,"active":345,"tested":10515,"growthFactor":1.1726384364820848},"2020-3-5":{"cases":407,"deaths":10,"recovered":17,"active":380,"tested":11949,"growthFactor":1.1305555555555555},"2020-3-6":{"cases":488,"deaths":12,"recovered":22,"active":454,"tested":13023,"growthFactor":1.199017199017199},"2020-3-7":{"cases":543,"deaths":13,"recovered":25,"active":505,"tested":14429,"growthFactor":1.1127049180327868},"2020-3-8":{"cases":670,"deaths":18,"recovered":29,"active":623,"tested":15918,"growthFactor":1.2338858195211786},"2020-3-9":{"cases":744,"deaths":20,"recovered":30,"active":694,"tested":15956,"growthFactor":1.1104477611940298},"2020-3-10":{"cases":856,"deaths":26,"recovered":47,"active":783,"tested":16643,"growthFactor":1.1505376344086022},"2020-3-11":{"cases":1023,"deaths":29,"recovered":54,"active":940,"tested":21400,"growthFactor":1.1950934579439252},"2020-3-12":{"cases":1384,"deaths":32,"recovered":55,"active":1297,"tested":23438,"growthFactor":1.3528836754643205},"2020-3-13":{"cases":1595,"deaths":42,"recovered":100,"active":1453,"tested":25691,"growthFactor":1.152456647398844},"2020-3-14":{"cases":1937,"deaths":55,"recovered":107,"active":1775,"tested":26980,"growthFactor":1.2144200626959247},"2020-3-15":{"cases":2172,"deaths":63,"recovered":120,"active":1989,"tested":32546,"growthFactor":1.1213216313887455},"2020-3-16":{"cases":2473,"deaths":69,"recovered":130,"active":2274,"tested":35052,"growthFactor":1.1385819521178637},"2020-3-17":{"cases":2704,"deaths":80,"recovered":136,"active":2488,"tested":35478,"growthFactor":1.0934088152042054},"2020-3-18":{"cases":3214,"deaths":94,"recovered":167,"active":2953,"tested":40841,"growthFactor":1.1886094674556213},"2020-3-19":{"cases":3484,"deaths":115,"recovered":200,"active":3169,"tested":44658,"growthFactor":1.0840074673304294},"2020-3-20":{"cases":4031,"deaths":131,"recovered":223,"active":3677,"tested":49288,"growthFactor":1.157003444316877},"2020-3-21":{"cases":4617,"deaths":146,"recovered":257,"active":4214,"tested":53642,"growthFactor":1.145373356487224},"2020-3-22":{"cases":5122,"deaths":169,"recovered":309,"active":4644,"tested":57671,"growthFactor":1.1093783842321854},"2020-3-23":{"cases":5505,"deaths":192,"recovered":327,"active":4986,"tested":61115,"growthFactor":1.0747754783287777},"2020-3-24":{"cases":5948,"deaths":216,"recovered":381,"active":5351,"tested":66178,"growthFactor":1.08047229791099},"2020-3-25":{"cases":6442,"deaths":258,"recovered":439,"active":5745,"tested":70877,"growthFactor":1.0830531271015467},"2020-3-26":{"cases":6935,"deaths":287,"recovered":508,"active":6140,"tested":79759,"growthFactor":1.0765290282520956},"2020-3-27":{"cases":7497,"deaths":313,"recovered":536,"active":6648,"tested":83627,"growthFactor":1.0810382119682769}},"country":"ITA","url":"https://raw.githubusercontent.com/pcm-dpc/COVID-19/master/dati-regioni/dpc-covid19-ita-regioni.csv","aggregate":"state","state":"Veneto","rating":0.7058823529411765,"coordinates":[11.862938179646614,45.737146979710815],"tz":["Europe/Rome"],"featureId":338,"population":4905854}