{"dates":{"2020-1-22":{"cases":1,"deaths":0,"recovered":0,"active":1},"2020-1-23":{"cases":2,"deaths":0,"recovered":0,"active":2,"growthFactor":2},"2020-1-24":{"cases":5,"deaths":0,"recovered":0,"active":5,"growthFactor":2.5},"2020-1-25":{"cases":11,"deaths":0,"recovered":0,"active":11,"growthFactor":2.2},"2020-1-26":{"cases":16,"deaths":0,"recovered":0,"active":16,"growthFactor":1.4545454545454546},"2020-1-27":{"cases":26,"deaths":0,"recovered":0,"active":26,"growthFactor":1.625},"2020-1-28":{"cases":44,"deaths":0,"recovered":0,"active":44,"growthFactor":1.6923076923076923},"2020-1-29":{"cases":55,"deaths":0,"recovered":0,"active":55,"growthFactor":1.25},"2020-1-30":{"cases":70,"deaths":0,"recovered":0,"active":70,"growthFactor":1.2727272727272727},"2020-1-31":{"cases":83,"deaths":0,"recovered":1,"active":82,"growthFactor":1.1857142857142857},"2020-2-1":{"cases":93,"deaths":0,"recovered":2,"active":91,"growthFactor":1.1204819277108433},"2020-2-2":{"cases":105,"deaths":0,"recovered":3,"active":102,"growthFactor":1.1290322580645162},"2020-2-3":{"cases":117,"deaths":0,"recovered":5,"active":112,"growthFactor":1.1142857142857143},"2020-2-4":{"cases":122,"deaths":0,"recovered":5,"active":117,"growthFactor":1.0427350427350428},"2020-2-5":{"cases":128,"deaths":0,"recovered":5,"active":123,"growthFactor":1.0491803278688525},"2020-2-6":{"cases":133,"deaths":0,"recovered":7,"active":126,"growthFactor":1.0390625},"2020-2-7":{"cases":138,"deaths":0,"recovered":12,"active":126,"growthFactor":1.037593984962406},"2020-2-8":{"cases":138,"deaths":0,"recovered":17,"active":121,"growthFactor":1},"2020-2-9":{"cases":141,"deaths":0,"recovered":18,"active":123,"growthFactor":1.0217391304347827},"2020-2-10":{"cases":149,"deaths":0,"recovered":19,"active":130,"growthFactor":1.0567375886524824},"2020-2-11":{"cases":153,"deaths":0,"recovered":20,"active":133,"growthFactor":1.0268456375838926},"2020-2-12":{"cases":154,"deaths":0,"recovered":26,"active":128,"growthFactor":1.0065359477124183},"2020-2-13":{"cases":156,"deaths":0,"recovered":27,"active":129,"growthFactor":1.0129870129870129},"2020-2-14":{"cases":162,"deaths":0,"recovered":36,"active":126,"growthFactor":1.0384615384615385},"2020-2-15":{"cases":168,"deaths":0,"recovered":42,"active":126,"growthFactor":1.037037037037037},"2020-2-16":{"cases":171,"deaths":0,"recovered":42,"active":129,"growthFactor":1.0178571428571428},"2020-2-17":{"cases":171,"deaths":0,"recovered":47,"active":124,"growthFactor":1},"2020-2-18":{"cases":172,"deaths":0,"recovered":57,"active":115,"growthFactor":1.0058479532163742},"2020-2-19":{"cases":172,"deaths":1,"recovered":60,"active":111,"growthFactor":1},"2020-2-20":{"cases":174,"deaths":2,"recovered":79,"active":93,"growthFactor":1.0116279069767442},"2020-2-21":{"cases":174,"deaths":2,"recovered":96,"active":76,"growthFactor":1},"2020-2-22":{"cases":174,"deaths":2,"recovered":107,"active":65,"growthFactor":1},"2020-2-23":{"cases":174,"deaths":2,"recovered":115,"active":57,"growthFactor":1},"2020-2-24":{"cases":174,"deaths":2,"recovered":124,"active":48,"growthFactor":1},"2020-2-25":{"cases":174,"deaths":2,"recovered":129,"active":43,"growthFactor":1},"2020-2-26":{"cases":174,"deaths":2,"recovered":144,"active":28,"growthFactor":1},"2020-2-27":{"cases":174,"deaths":2,"recovered":150,"active":22,"growthFactor":1},"2020-2-28":{"cases":174,"deaths":2,"recovered":156,"active":16,"growthFactor":1},"2020-2-29":{"cases":174,"deaths":2,"recovered":157,"active":15,"growthFactor":1},"2020-3-1":{"cases":174,"deaths":2,"recovered":163,"active":9,"growthFactor":1},"2020-3-2":{"cases":174,"deaths":2,"recovered":168,"active":4,"growthFactor":1},"2020-3-3":{"cases":174,"deaths":2,"recovered":169,"active":3,"growthFactor":1},"2020-3-4":{"cases":174,"deaths":2,"recovered":169,"active":3,"growthFactor":1},"2020-3-5":{"cases":174,"deaths":2,"recovered":169,"active":3,"growthFactor":1},"2020-3-6":{"cases":174,"deaths":2,"recovered":170,"active":2,"growthFactor":1},"2020-3-7":{"cases":174,"deaths":2,"recovered":170,"active":2,"growthFactor":1},"2020-3-8":{"cases":174,"deaths":2,"recovered":170,"active":2,"growthFactor":1},"2020-3-9":{"cases":174,"deaths":2,"recovered":170,"active":2,"growthFactor":1},"2020-3-10":{"cases":174,"deaths":2,"recovered":170,"active":2,"growthFactor":1},"2020-3-11":{"cases":174,"deaths":2,"recovered":170,"active":2,"growthFactor":1},"2020-3-12":{"cases":174,"deaths":2,"recovered":170,"active":2,"growthFactor":1},"2020-3-13":{"cases":174,"deaths":2,"recovered":170,"active":2,"growthFactor":1},"2020-3-14":{"cases":174,"deaths":2,"recovered":172,"active":0,"growthFactor":1},"2020-3-15":{"cases":174,"deaths":2,"recovered":172,"active":0,"growthFactor":1},"2020-3-16":{"cases":176,"deaths":2,"recovered":172,"active":2,"growthFactor":1.0114942528735633},"2020-3-17":{"cases":176,"deaths":2,"recovered":172,"active":2,"growthFactor":1},"2020-3-18":{"cases":176,"deaths":2,"recovered":172,"active":2,"growthFactor":1},"2020-3-19":{"cases":176,"deaths":2,"recovered":172,"active":2,"growthFactor":1},"2020-3-20":{"cases":176,"deaths":2,"recovered":172,"active":2,"growthFactor":1},"2020-3-21":{"cases":176,"deaths":2,"recovered":172,"active":2,"growthFactor":1},"2020-3-22":{"cases":176,"deaths":2,"recovered":172,"active":2,"growthFactor":1},"2020-3-23":{"cases":176,"deaths":2,"recovered":172,"active":2,"growthFactor":1},"2020-3-24":{"cases":176,"deaths":2,"growthFactor":1},"2020-3-25":{"cases":176,"deaths":2,"growthFactor":1},"2020-3-26":{"cases":178,"deaths":2,"growthFactor":1.0113636363636365},"2020-3-27":{"cases":180,"deaths":2,"growthFactor":1.0112359550561798},"2020-3-28":{"cases":180,"deaths":2,"growthFactor":1}},"maintainers":[{"name":"Larry Davis","email":"lazdnet@gmail.com","twitter":"lazdnet","github":"lazd","country":"USA","state":"CA","county":"San Francisco","city":"San Francisco","flag":"🇺🇸"}],"url":"https://github.com/CSSEGISandData/COVID-19","curators":[{"name":"JHU CSSE","url":"https://systems.jhu.edu/research/public-health/ncov/"}],"aggregate":"state","country":"CHN","coordinates":[101.85510583221756,25.179122725058342],"state":"Yunnan","rating":0.5098039215686274,"tz":["Asia/Shanghai"],"featureId":61,"population":48300000}