{"dates":{"2020-1-22":{"cases":10,"deaths":0,"recovered":0,"active":10},"2020-1-23":{"cases":27,"deaths":0,"recovered":0,"active":27,"growthFactor":2.7},"2020-1-24":{"cases":43,"deaths":0,"recovered":1,"active":42,"growthFactor":1.5925925925925926},"2020-1-25":{"cases":62,"deaths":0,"recovered":1,"active":61,"growthFactor":1.441860465116279},"2020-1-26":{"cases":104,"deaths":0,"recovered":1,"active":103,"growthFactor":1.6774193548387097},"2020-1-27":{"cases":128,"deaths":0,"recovered":1,"active":127,"growthFactor":1.2307692307692308},"2020-1-28":{"cases":173,"deaths":0,"recovered":3,"active":170,"growthFactor":1.3515625},"2020-1-29":{"cases":296,"deaths":0,"recovered":3,"active":293,"growthFactor":1.7109826589595376},"2020-1-30":{"cases":428,"deaths":0,"recovered":4,"active":424,"growthFactor":1.445945945945946},"2020-1-31":{"cases":538,"deaths":0,"recovered":14,"active":524,"growthFactor":1.2570093457943925},"2020-2-1":{"cases":599,"deaths":0,"recovered":21,"active":578,"growthFactor":1.1133828996282529},"2020-2-2":{"cases":661,"deaths":0,"recovered":32,"active":629,"growthFactor":1.1035058430717863},"2020-2-3":{"cases":724,"deaths":0,"recovered":43,"active":681,"growthFactor":1.0953101361573374},"2020-2-4":{"cases":829,"deaths":0,"recovered":62,"active":767,"growthFactor":1.1450276243093922},"2020-2-5":{"cases":895,"deaths":0,"recovered":78,"active":817,"growthFactor":1.0796139927623642},"2020-2-6":{"cases":954,"deaths":0,"recovered":94,"active":860,"growthFactor":1.0659217877094973},"2020-2-7":{"cases":1006,"deaths":0,"recovered":123,"active":883,"growthFactor":1.0545073375262055},"2020-2-8":{"cases":1048,"deaths":0,"recovered":175,"active":873,"growthFactor":1.0417495029821073},"2020-2-9":{"cases":1075,"deaths":0,"recovered":201,"active":874,"growthFactor":1.025763358778626},"2020-2-10":{"cases":1092,"deaths":0,"recovered":242,"active":850,"growthFactor":1.0158139534883721},"2020-2-11":{"cases":1117,"deaths":0,"recovered":270,"active":847,"growthFactor":1.0228937728937728},"2020-2-12":{"cases":1131,"deaths":0,"recovered":321,"active":810,"growthFactor":1.0125335720680393},"2020-2-13":{"cases":1145,"deaths":0,"recovered":360,"active":785,"growthFactor":1.0123784261715296},"2020-2-14":{"cases":1155,"deaths":0,"recovered":403,"active":752,"growthFactor":1.0087336244541485},"2020-2-15":{"cases":1162,"deaths":0,"recovered":428,"active":734,"growthFactor":1.006060606060606},"2020-2-16":{"cases":1167,"deaths":0,"recovered":456,"active":711,"growthFactor":1.004302925989673},"2020-2-17":{"cases":1171,"deaths":0,"recovered":507,"active":664,"growthFactor":1.003427592116538},"2020-2-18":{"cases":1172,"deaths":0,"recovered":535,"active":637,"growthFactor":1.0008539709649873},"2020-2-19":{"cases":1174,"deaths":0,"recovered":604,"active":570,"growthFactor":1.0017064846416381},"2020-2-20":{"cases":1175,"deaths":1,"recovered":633,"active":541,"growthFactor":1.0008517887563884},"2020-2-21":{"cases":1203,"deaths":1,"recovered":679,"active":523,"growthFactor":1.0238297872340425},"2020-2-22":{"cases":1205,"deaths":1,"recovered":719,"active":485,"growthFactor":1.00166251039069},"2020-2-23":{"cases":1205,"deaths":1,"recovered":760,"active":444,"growthFactor":1},"2020-2-24":{"cases":1205,"deaths":1,"recovered":782,"active":422,"growthFactor":1},"2020-2-25":{"cases":1205,"deaths":1,"recovered":808,"active":396,"growthFactor":1},"2020-2-26":{"cases":1205,"deaths":1,"recovered":867,"active":337,"growthFactor":1},"2020-2-27":{"cases":1205,"deaths":1,"recovered":932,"active":272,"growthFactor":1},"2020-2-28":{"cases":1205,"deaths":1,"recovered":975,"active":229,"growthFactor":1},"2020-2-29":{"cases":1205,"deaths":1,"recovered":1016,"active":188,"growthFactor":1},"2020-3-1":{"cases":1205,"deaths":1,"recovered":1046,"active":158,"growthFactor":1},"2020-3-2":{"cases":1206,"deaths":1,"recovered":1069,"active":136,"growthFactor":1.0008298755186722},"2020-3-3":{"cases":1213,"deaths":1,"recovered":1093,"active":119,"growthFactor":1.005804311774461},"2020-3-4":{"cases":1213,"deaths":1,"recovered":1114,"active":98,"growthFactor":1},"2020-3-5":{"cases":1215,"deaths":1,"recovered":1124,"active":90,"growthFactor":1.001648804616653},"2020-3-6":{"cases":1215,"deaths":1,"recovered":1147,"active":67,"growthFactor":1},"2020-3-7":{"cases":1215,"deaths":1,"recovered":1154,"active":60,"growthFactor":1},"2020-3-8":{"cases":1215,"deaths":1,"recovered":1161,"active":53,"growthFactor":1},"2020-3-9":{"cases":1215,"deaths":1,"recovered":1176,"active":38,"growthFactor":1},"2020-3-10":{"cases":1215,"deaths":1,"recovered":1191,"active":23,"growthFactor":1},"2020-3-11":{"cases":1215,"deaths":1,"recovered":1195,"active":19,"growthFactor":1},"2020-3-12":{"cases":1215,"deaths":1,"recovered":1197,"active":17,"growthFactor":1},"2020-3-13":{"cases":1215,"deaths":1,"recovered":1197,"active":17,"growthFactor":1},"2020-3-14":{"cases":1227,"deaths":1,"recovered":1211,"active":15,"growthFactor":1.0098765432098766},"2020-3-15":{"cases":1231,"deaths":1,"recovered":1211,"active":19,"growthFactor":1.0032599837000815},"2020-3-16":{"cases":1231,"deaths":1,"recovered":1216,"active":14,"growthFactor":1},"2020-3-17":{"cases":1232,"deaths":1,"recovered":1216,"active":15,"growthFactor":1.0008123476848092},"2020-3-18":{"cases":1232,"deaths":1,"recovered":1216,"active":15,"growthFactor":1},"2020-3-19":{"cases":1233,"deaths":1,"recovered":1217,"active":15,"growthFactor":1.0008116883116882},"2020-3-20":{"cases":1234,"deaths":1,"recovered":1219,"active":14,"growthFactor":1.0008110300081103},"2020-3-21":{"cases":1236,"deaths":1,"recovered":1219,"active":16,"growthFactor":1.0016207455429498},"2020-3-22":{"cases":1237,"deaths":1,"recovered":1219,"active":17,"growthFactor":1.000809061488673},"2020-3-23":{"cases":1238,"deaths":1,"recovered":1221,"active":16,"growthFactor":1.0008084074373484},"2020-3-24":{"cases":1240,"deaths":1,"growthFactor":1.001615508885299},"2020-3-25":{"cases":1241,"deaths":1,"growthFactor":1.0008064516129032},"2020-3-26":{"cases":1243,"deaths":1,"growthFactor":1.0016116035455278},"2020-3-27":{"cases":1247,"deaths":1,"growthFactor":1.003218020917136},"2020-3-28":{"cases":1251,"deaths":1,"growthFactor":1.0032076984763432},"2020-3-29":{"cases":1254,"deaths":1,"growthFactor":1.0023980815347722},"2020-3-30":{"cases":1255,"deaths":1,"growthFactor":1.0007974481658692},"2020-3-31":{"cases":1257,"deaths":1,"growthFactor":1.001593625498008},"2020-4-1":{"cases":0,"deaths":0,"growthFactor":0}},"maintainers":[{"name":"Larry Davis","email":"lazdnet@gmail.com","twitter":"lazdnet","github":"lazd","country":"USA","state":"CA","county":"San Francisco","city":"San Francisco","flag":"🇺🇸"}],"url":"https://github.com/CSSEGISandData/COVID-19","curators":[{"name":"JHU CSSE","url":"https://systems.jhu.edu/research/public-health/ncov/"}],"aggregate":"state","country":"CHN","coordinates":[120.1641359794138,29.189050400871963],"state":"Zhejiang","rating":0.5098039215686274,"tz":["Asia/Shanghai"],"featureId":61,"population":57370000}