{"dates":{"2020-1-24":{"cases":2},"2020-1-25":{"cases":2,"growthFactor":1},"2020-1-26":{"cases":2,"growthFactor":1},"2020-1-27":{"cases":2,"growthFactor":1},"2020-1-28":{"cases":3,"growthFactor":1.5},"2020-1-29":{"cases":4,"growthFactor":1.3333333333333333},"2020-1-30":{"cases":5,"growthFactor":1.25},"2020-1-31":{"cases":5,"growthFactor":1},"2020-2-3":{"cases":5},"2020-2-5":{"cases":5},"2020-2-6":{"cases":5,"growthFactor":1},"2020-2-7":{"cases":5,"growthFactor":1},"2020-2-8":{"cases":5,"growthFactor":1},"2020-2-10":{"cases":5},"2020-2-11":{"cases":5,"growthFactor":1},"2020-2-12":{"cases":5,"growthFactor":1},"2020-2-20":{"cases":5},"2020-2-28":{"cases":9},"2020-3-2":{"cases":34},"2020-3-3":{"cases":37,"growthFactor":1.088235294117647},"2020-3-4":{"cases":55,"growthFactor":1.4864864864864864},"2020-3-5":{"cases":76,"growthFactor":1.3818181818181818},"2020-3-6":{"cases":89,"deaths":1,"growthFactor":1.1710526315789473},"2020-3-7":{"cases":104,"deaths":1,"growthFactor":1.1685393258426966},"2020-3-8":{"cases":226,"deaths":1,"growthFactor":2.173076923076923},"2020-3-9":{"cases":283,"deaths":1,"growthFactor":1.252212389380531},"2020-3-10":{"cases":334,"deaths":4,"growthFactor":1.1802120141342756},"2020-3-11":{"cases":492,"deaths":4,"growthFactor":1.473053892215569},"2020-3-12":{"cases":577,"deaths":4,"growthFactor":1.1727642276422765},"2020-3-13":{"cases":721,"growthFactor":1.2495667244367417},"2020-3-14":{"cases":949,"growthFactor":1.31622746185853},"2020-3-15":{"cases":1209,"growthFactor":1.273972602739726},"2020-3-16":{"cases":1762,"growthFactor":1.457402812241522},"2020-3-17":{"cases":2177,"growthFactor":1.235527809307605},"2020-3-18":{"cases":2693,"deaths":36,"recovered":129,"active":2528,"growthFactor":1.2370234267340376},"2020-3-19":{"cases":3384,"deaths":56,"recovered":213,"active":3115,"growthFactor":1.2565911622725585},"2020-3-20":{"cases":3818,"deaths":99,"recovered":350,"active":3369,"growthFactor":1.1282505910165486},"2020-3-21":{"cases":4695,"deaths":122,"recovered":438,"active":4135,"growthFactor":1.2297014143530645},"2020-3-22":{"cases":5283,"deaths":140,"recovered":513,"active":4630,"growthFactor":1.1252396166134184},"2020-3-23":{"cases":6211,"deaths":193,"recovered":665,"active":5353,"growthFactor":1.1756577702063222},"2020-3-24":{"cases":6798,"deaths":262,"recovered":854,"active":5682,"growthFactor":1.0945097407824826},"2020-3-25":{"cases":7660,"deaths":357,"recovered":1084,"active":6219,"growthFactor":1.1268020005884083},"2020-3-26":{"deaths":460,"recovered":1310,"growthFactor":null},"2020-3-27":{"deaths":578,"recovered":1598,"growthFactor":null},"2020-3-28":{"deaths":688,"recovered":1937,"growthFactor":null},"2020-3-29":{"deaths":807,"recovered":2109,"growthFactor":null},"2020-3-30":{"deaths":954,"recovered":2394,"growthFactor":null}},"country":"FRA","url":"https://raw.githubusercontent.com/opencovid19-fr/data/master/dist/chiffres-cles.csv","state":"Île-de-France","population":12246234,"rating":0.47058823529411764,"coordinates":[2.5014494346077,48.677200741510504],"tz":["Europe/Paris"],"featureId":258}